FCC ID,Grantee Code,Grantee Name,Application Purpose,Grant Date
2AJGM-1901D,2AJGM,PO FUNG ELECTRONIC (HK) INTERNATONAL GROUP COMPANY LIMITED,Original Equipment,10/01/2024
2AJGM-1904D,2AJGM,PO FUNG ELECTRONIC (HK) INTERNATONAL GROUP COMPANY LIMITED,Original Equipment,10/07/2024
2AJGM-1909D,2AJGM,PO FUNG ELECTRONIC (HK) INTERNATONAL GROUP COMPANY LIMITED,Original Equipment,10/11/2024
2AJGM-5GMINI,2AJGM,PO FUNG ELECTRONIC (HK) INTERNATONAL GROUP COMPANY LIMITED,Original Equipment,09/15/2025
2AJGM-5GPLUS,2AJGM,PO FUNG ELECTRONIC (HK) INTERNATONAL GROUP COMPANY LIMITED,Original Equipment,02/21/2024
2AJGM-5RH,2AJGM,PO FUNG ELECTRONIC (HK) INTERNATONAL GROUP COMPANY LIMITED,Original Equipment,01/25/2024
2AJGM-5RHPRO,2AJGM,PO FUNG ELECTRONIC (HK) INTERNATONAL GROUP COMPANY LIMITED,Original Equipment,10/08/2024
2AJGM-5RM,2AJGM,PO FUNG ELECTRONIC (HK) INTERNATONAL GROUP COMPANY LIMITED,Original Equipment,02/23/2024
2AJGM-5RMINI,2AJGM,PO FUNG ELECTRONIC (HK) INTERNATONAL GROUP COMPANY LIMITED,Original Equipment,09/15/2025
2AJGM-5RX,2AJGM,PO FUNG ELECTRONIC (HK) INTERNATONAL GROUP COMPANY LIMITED,Original Equipment,02/01/2024
2AJGM-888HD,2AJGM,PO FUNG ELECTRONIC (HK) INTERNATONAL GROUP COMPANY LIMITED,Original Equipment,09/26/2024
2AJGM-888S,2AJGM,PO FUNG ELECTRONIC (HK) INTERNATONAL GROUP COMPANY LIMITED,Original Equipment,10/15/2024
2AJGM-888SD,2AJGM,PO FUNG ELECTRONIC (HK) INTERNATONAL GROUP COMPANY LIMITED,Original Equipment,09/27/2024
2AJGM-AR152,2AJGM,PO FUNG ELECTRONIC (HK) INTERNATONAL GROUP COMPANY LIMITED,Original Equipment,12/16/2021
2AJGM-AR152PRO,2AJGM,PO FUNG ELECTRONIC (HK) INTERNATONAL GROUP COMPANY LIMITED,Original Equipment,05/08/2025
2AJGM-AR1909U,2AJGM,PO FUNG ELECTRONIC (HK) INTERNATONAL GROUP COMPANY LIMITED,Original Equipment,07/07/2023
2AJGM-AR39,2AJGM,PO FUNG ELECTRONIC (HK) INTERNATONAL GROUP COMPANY LIMITED,Original Equipment,09/10/2025
2AJGM-AT2,2AJGM,PO FUNG ELECTRONIC (HK) INTERNATONAL GROUP COMPANY LIMITED,Original Equipment,04/13/2026
2AJGM-BF-88A,2AJGM,PO FUNG ELECTRONIC (HK) INTERNATONAL GROUP COMPANY LIMITED,Original Equipment,06/04/2018
2AJGM-BF-T12,2AJGM,PO FUNG ELECTRONIC (HK) INTERNATONAL GROUP COMPANY LIMITED,Original Equipment,11/28/2019
2AJGM-BF-T3,2AJGM,PO FUNG ELECTRONIC (HK) INTERNATONAL GROUP COMPANY LIMITED,Original Equipment,08/02/2017
2AJGM-BF-T9,2AJGM,PO FUNG ELECTRONIC (HK) INTERNATONAL GROUP COMPANY LIMITED,Original Equipment,12/04/2019
2AJGM-BF888S,2AJGM,PO FUNG ELECTRONIC (HK) INTERNATONAL GROUP COMPANY LIMITED,Original Equipment,07/17/2018
2AJGM-BF88A,2AJGM,PO FUNG ELECTRONIC (HK) INTERNATONAL GROUP COMPANY LIMITED,Original Equipment,01/27/2021
2AJGM-BF88ST,2AJGM,PO FUNG ELECTRONIC (HK) INTERNATONAL GROUP COMPANY LIMITED,Change in Identification,12/07/2020
2AJGM-BFA58,2AJGM,PO FUNG ELECTRONIC (HK) INTERNATONAL GROUP COMPANY LIMITED,Original Equipment,07/18/2018
2AJGM-BFC2,2AJGM,PO FUNG ELECTRONIC (HK) INTERNATONAL GROUP COMPANY LIMITED,Original Equipment,07/11/2018
2AJGM-BFC3,2AJGM,PO FUNG ELECTRONIC (HK) INTERNATONAL GROUP COMPANY LIMITED,Original Equipment,07/11/2018
2AJGM-BFF8HPPRO,2AJGM,PO FUNG ELECTRONIC (HK) INTERNATONAL GROUP COMPANY LIMITED,Original Equipment,08/09/2024
2AJGM-BFR5,2AJGM,PO FUNG ELECTRONIC (HK) INTERNATONAL GROUP COMPANY LIMITED,Original Equipment,08/16/2018
2AJGM-BFT1,2AJGM,PO FUNG ELECTRONIC (HK) INTERNATONAL GROUP COMPANY LIMITED,Original Equipment,08/10/2018
2AJGM-BFT6,2AJGM,PO FUNG ELECTRONIC (HK) INTERNATONAL GROUP COMPANY LIMITED,Original Equipment,08/16/2018
2AJGM-BFT8,2AJGM,PO FUNG ELECTRONIC (HK) INTERNATONAL GROUP COMPANY LIMITED,Original Equipment,04/12/2019
2AJGM-DM-5R,2AJGM,PO FUNG ELECTRONIC (HK) INTERNATONAL GROUP COMPANY LIMITED,Original Equipment,03/07/2018
2AJGM-DM1701,2AJGM,PO FUNG ELECTRONIC (HK) INTERNATONAL GROUP COMPANY LIMITED,Original Equipment,12/22/2018
2AJGM-DM1702,2AJGM,PO FUNG ELECTRONIC (HK) INTERNATONAL GROUP COMPANY LIMITED,Original Equipment,12/21/2018
2AJGM-DM1703,2AJGM,PO FUNG ELECTRONIC (HK) INTERNATONAL GROUP COMPANY LIMITED,Original Equipment,12/22/2018
2AJGM-DM1706,2AJGM,PO FUNG ELECTRONIC (HK) INTERNATONAL GROUP COMPANY LIMITED,Original Equipment,04/18/2019
2AJGM-DM1801,2AJGM,PO FUNG ELECTRONIC (HK) INTERNATONAL GROUP COMPANY LIMITED,Original Equipment,01/01/2019
2AJGM-DM1801PRO,2AJGM,PO FUNG ELECTRONIC (HK) INTERNATONAL GROUP COMPANY LIMITED,Original Equipment,05/13/2026
2AJGM-DM32UV,2AJGM,PO FUNG ELECTRONIC (HK) INTERNATONAL GROUP COMPANY LIMITED,Original Equipment,04/25/2025
2AJGM-DM36,2AJGM,PO FUNG ELECTRONIC (HK) INTERNATONAL GROUP COMPANY LIMITED,Original Equipment,04/13/2026
2AJGM-DMV1,2AJGM,PO FUNG ELECTRONIC (HK) INTERNATONAL GROUP COMPANY LIMITED,Original Equipment,06/26/2019
2AJGM-DR1801,2AJGM,PO FUNG ELECTRONIC (HK) INTERNATONAL GROUP COMPANY LIMITED,Original Equipment,08/23/2023
2AJGM-F10,2AJGM,PO FUNG ELECTRONIC (HK) INTERNATONAL GROUP COMPANY LIMITED,Original Equipment,06/24/2020
2AJGM-F12,2AJGM,PO FUNG ELECTRONIC (HK) INTERNATONAL GROUP COMPANY LIMITED,Original Equipment,02/01/2021
2AJGM-F17,2AJGM,PO FUNG ELECTRONIC (HK) INTERNATONAL GROUP COMPANY LIMITED,Original Equipment,06/12/2020
2AJGM-F19,2AJGM,PO FUNG ELECTRONIC (HK) INTERNATONAL GROUP COMPANY LIMITED,Original Equipment,12/21/2020
2AJGM-F22,2AJGM,PO FUNG ELECTRONIC (HK) INTERNATONAL GROUP COMPANY LIMITED,Original Equipment,07/20/2021
2AJGM-F8,2AJGM,PO FUNG ELECTRONIC (HK) INTERNATONAL GROUP COMPANY LIMITED,Original Equipment,06/29/2020
2AJGM-F8HP,2AJGM,PO FUNG ELECTRONIC (HK) INTERNATONAL GROUP COMPANY LIMITED,Change in Identification,12/16/2020
2AJGM-FR31S,2AJGM,PO FUNG ELECTRONIC (HK) INTERNATONAL GROUP COMPANY LIMITED,Original Equipment,07/10/2023
2AJGM-GM15PRO,2AJGM,PO FUNG ELECTRONIC (HK) INTERNATONAL GROUP COMPANY LIMITED,Original Equipment,02/24/2022
2AJGM-GM21,2AJGM,PO FUNG ELECTRONIC (HK) INTERNATONAL GROUP COMPANY LIMITED,Original Equipment,02/01/2024
2AJGM-GM30,2AJGM,PO FUNG ELECTRONIC (HK) INTERNATONAL GROUP COMPANY LIMITED,Original Equipment,09/23/2022
2AJGM-GM32,2AJGM,PO FUNG ELECTRONIC (HK) INTERNATONAL GROUP COMPANY LIMITED,Original Equipment,05/14/2026
2AJGM-GMT8,2AJGM,PO FUNG ELECTRONIC (HK) INTERNATONAL GROUP COMPANY LIMITED,Original Equipment,07/31/2023
2AJGM-GT18,2AJGM,PO FUNG ELECTRONIC (HK) INTERNATONAL GROUP COMPANY LIMITED,Change in Identification,11/13/2023
2AJGM-GT68,2AJGM,PO FUNG ELECTRONIC (HK) INTERNATONAL GROUP COMPANY LIMITED,Original Equipment,12/26/2023
2AJGM-K5M,2AJGM,PO FUNG ELECTRONIC (HK) INTERNATONAL GROUP COMPANY LIMITED,Original Equipment,01/26/2024
2AJGM-K6PRO,2AJGM,PO FUNG ELECTRONIC (HK) INTERNATONAL GROUP COMPANY LIMITED,Original Equipment,03/17/2025
2AJGM-M4,2AJGM,PO FUNG ELECTRONIC (HK) INTERNATONAL GROUP COMPANY LIMITED,Original Equipment,12/29/2025
2AJGM-MP1,2AJGM,PO FUNG ELECTRONIC (HK) INTERNATONAL GROUP COMPANY LIMITED,Original Equipment,04/19/2022
2AJGM-MP23,2AJGM,PO FUNG ELECTRONIC (HK) INTERNATONAL GROUP COMPANY LIMITED,Original Equipment,10/12/2022
2AJGM-MP25,2AJGM,PO FUNG ELECTRONIC (HK) INTERNATONAL GROUP COMPANY LIMITED,Original Equipment,10/21/2022
2AJGM-MP31,2AJGM,PO FUNG ELECTRONIC (HK) INTERNATONAL GROUP COMPANY LIMITED,Original Equipment,03/09/2022
2AJGM-MP88,2AJGM,PO FUNG ELECTRONIC (HK) INTERNATONAL GROUP COMPANY LIMITED,Original Equipment,05/23/2022
2AJGM-NA26GB,2AJGM,PO FUNG ELECTRONIC (HK) INTERNATONAL GROUP COMPANY LIMITED,Original Equipment,09/17/2024
2AJGM-NA32UV,2AJGM,PO FUNG ELECTRONIC (HK) INTERNATONAL GROUP COMPANY LIMITED,Original Equipment,04/18/2025
2AJGM-NAK6,2AJGM,PO FUNG ELECTRONIC (HK) INTERNATONAL GROUP COMPANY LIMITED,Original Equipment,08/26/2024
2AJGM-P10UV,2AJGM,PO FUNG ELECTRONIC (HK) INTERNATONAL GROUP COMPANY LIMITED,Original Equipment,02/07/2021
2AJGM-P11UV,2AJGM,PO FUNG ELECTRONIC (HK) INTERNATONAL GROUP COMPANY LIMITED,Original Equipment,01/19/2021
2AJGM-P15UV,2AJGM,PO FUNG ELECTRONIC (HK) INTERNATONAL GROUP COMPANY LIMITED,Original Equipment,04/13/2021
2AJGM-P51UV,2AJGM,PO FUNG ELECTRONIC (HK) INTERNATONAL GROUP COMPANY LIMITED,Original Equipment,07/19/2020
2AJGM-P52UV,2AJGM,PO FUNG ELECTRONIC (HK) INTERNATONAL GROUP COMPANY LIMITED,Original Equipment,02/03/2021
2AJGM-P53U,2AJGM,PO FUNG ELECTRONIC (HK) INTERNATONAL GROUP COMPANY LIMITED,Original Equipment,07/16/2020
2AJGM-P54U,2AJGM,PO FUNG ELECTRONIC (HK) INTERNATONAL GROUP COMPANY LIMITED,Original Equipment,08/18/2020
2AJGM-RD-55PRO,2AJGM,PO FUNG ELECTRONIC (HK) INTERNATONAL GROUP COMPANY LIMITED,Original Equipment,02/25/2026
2AJGM-SW9,2AJGM,PO FUNG ELECTRONIC (HK) INTERNATONAL GROUP COMPANY LIMITED,Original Equipment,03/02/2026
2AJGM-T20,2AJGM,PO FUNG ELECTRONIC (HK) INTERNATONAL GROUP COMPANY LIMITED,Original Equipment,12/20/2020
2AJGM-T20D,2AJGM,PO FUNG ELECTRONIC (HK) INTERNATONAL GROUP COMPANY LIMITED,Original Equipment,09/27/2024
2AJGM-T26,2AJGM,PO FUNG ELECTRONIC (HK) INTERNATONAL GROUP COMPANY LIMITED,Original Equipment,09/05/2024
2AJGM-TP5,2AJGM,PO FUNG ELECTRONIC (HK) INTERNATONAL GROUP COMPANY LIMITED,Original Equipment,01/26/2022
2AJGM-TP8,2AJGM,PO FUNG ELECTRONIC (HK) INTERNATONAL GROUP COMPANY LIMITED,Original Equipment,12/17/2021
2AJGM-UV-E70,2AJGM,PO FUNG ELECTRONIC (HK) INTERNATONAL GROUP COMPANY LIMITED,Original Equipment,07/29/2019
2AJGM-UV10R,2AJGM,PO FUNG ELECTRONIC (HK) INTERNATONAL GROUP COMPANY LIMITED,Original Equipment,04/14/2021
2AJGM-UV16R,2AJGM,PO FUNG ELECTRONIC (HK) INTERNATONAL GROUP COMPANY LIMITED,Original Equipment,01/17/2022
2AJGM-UV17,2AJGM,PO FUNG ELECTRONIC (HK) INTERNATONAL GROUP COMPANY LIMITED,Original Equipment,04/12/2023
2AJGM-UV17H,2AJGM,PO FUNG ELECTRONIC (HK) INTERNATONAL GROUP COMPANY LIMITED,Original Equipment,05/02/2024
2AJGM-UV1802R,2AJGM,PO FUNG ELECTRONIC (HK) INTERNATONAL GROUP COMPANY LIMITED,Original Equipment,07/31/2023
2AJGM-UV18H,2AJGM,PO FUNG ELECTRONIC (HK) INTERNATONAL GROUP COMPANY LIMITED,Original Equipment,05/10/2024
2AJGM-UV18R,2AJGM,PO FUNG ELECTRONIC (HK) INTERNATONAL GROUP COMPANY LIMITED,Original Equipment,11/13/2023
2AJGM-UV19R,2AJGM,PO FUNG ELECTRONIC (HK) INTERNATONAL GROUP COMPANY LIMITED,Original Equipment,10/17/2023
2AJGM-UV20R,2AJGM,PO FUNG ELECTRONIC (HK) INTERNATONAL GROUP COMPANY LIMITED,Original Equipment,11/13/2023
2AJGM-UV21M,2AJGM,PO FUNG ELECTRONIC (HK) INTERNATONAL GROUP COMPANY LIMITED,Original Equipment,06/26/2025
2AJGM-UV21R,2AJGM,PO FUNG ELECTRONIC (HK) INTERNATONAL GROUP COMPANY LIMITED,Original Equipment,10/17/2023
2AJGM-UV22R,2AJGM,PO FUNG ELECTRONIC (HK) INTERNATONAL GROUP COMPANY LIMITED,Original Equipment,09/25/2023
2AJGM-UV25,2AJGM,PO FUNG ELECTRONIC (HK) INTERNATONAL GROUP COMPANY LIMITED,Original Equipment,05/17/2024
2AJGM-UV25PRO,2AJGM,PO FUNG ELECTRONIC (HK) INTERNATONAL GROUP COMPANY LIMITED,Original Equipment,04/04/2025
2AJGM-UV26,2AJGM,PO FUNG ELECTRONIC (HK) INTERNATONAL GROUP COMPANY LIMITED,Original Equipment,06/02/2025
2AJGM-UV28PRO,2AJGM,PO FUNG ELECTRONIC (HK) INTERNATONAL GROUP COMPANY LIMITED,Original Equipment,04/04/2025
2AJGM-UV5G,2AJGM,PO FUNG ELECTRONIC (HK) INTERNATONAL GROUP COMPANY LIMITED,Class II Permissive Change,06/17/2024
2AJGM-UV5G,2AJGM,PO FUNG ELECTRONIC (HK) INTERNATONAL GROUP COMPANY LIMITED,Original Equipment,09/22/2022
2AJGM-UV5R,2AJGM,PO FUNG ELECTRONIC (HK) INTERNATONAL GROUP COMPANY LIMITED,Class II Permissive Change,11/02/2018
2AJGM-UV5R,2AJGM,PO FUNG ELECTRONIC (HK) INTERNATONAL GROUP COMPANY LIMITED,Original Equipment,07/18/2018
2AJGM-UV5RPRO,2AJGM,PO FUNG ELECTRONIC (HK) INTERNATONAL GROUP COMPANY LIMITED,Original Equipment,12/06/2020
2AJGM-UV6R,2AJGM,PO FUNG ELECTRONIC (HK) INTERNATONAL GROUP COMPANY LIMITED,Original Equipment,07/18/2018
2AJGM-UV7B,2AJGM,PO FUNG ELECTRONIC (HK) INTERNATONAL GROUP COMPANY LIMITED,Original Equipment,01/28/2026
2AJGM-UV82,2AJGM,PO FUNG ELECTRONIC (HK) INTERNATONAL GROUP COMPANY LIMITED,Class II Permissive Change,03/11/2019
2AJGM-UV82,2AJGM,PO FUNG ELECTRONIC (HK) INTERNATONAL GROUP COMPANY LIMITED,Original Equipment,06/25/2018
2AJGM-UV8D,2AJGM,PO FUNG ELECTRONIC (HK) INTERNATONAL GROUP COMPANY LIMITED,Original Equipment,05/19/2025
2AJGM-UV9G,2AJGM,PO FUNG ELECTRONIC (HK) INTERNATONAL GROUP COMPANY LIMITED,Original Equipment,09/23/2022
2AJGM-UV9RPRO,2AJGM,PO FUNG ELECTRONIC (HK) INTERNATONAL GROUP COMPANY LIMITED,Original Equipment,01/18/2022
2AJGM-UVK5,2AJGM,PO FUNG ELECTRONIC (HK) INTERNATONAL GROUP COMPANY LIMITED,Original Equipment,11/12/2023
2AJGM-V12D,2AJGM,PO FUNG ELECTRONIC (HK) INTERNATONAL GROUP COMPANY LIMITED,Original Equipment,10/14/2024
2AJGM-V1D,2AJGM,PO FUNG ELECTRONIC (HK) INTERNATONAL GROUP COMPANY LIMITED,Original Equipment,08/12/2024
2AJGM-V4D,2AJGM,PO FUNG ELECTRONIC (HK) INTERNATONAL GROUP COMPANY LIMITED,Original Equipment,10/01/2024
2AJGM-W31D,2AJGM,PO FUNG ELECTRONIC (HK) INTERNATONAL GROUP COMPANY LIMITED,Original Equipment,10/14/2024
2AJGM-W31S,2AJGM,PO FUNG ELECTRONIC (HK) INTERNATONAL GROUP COMPANY LIMITED,Original Equipment,12/08/2025
2AJGMBF-888S,2AJGM,PO FUNG ELECTRONIC (HK) INTERNATONAL GROUP COMPANY LIMITED,Change in Identification,11/03/2020
2AJGMBF-H6,2AJGM,PO FUNG ELECTRONIC (HK) INTERNATONAL GROUP COMPANY LIMITED,Original Equipment,11/27/2019
2AJGMBF-T11,2AJGM,PO FUNG ELECTRONIC (HK) INTERNATONAL GROUP COMPANY LIMITED,Original Equipment,11/18/2019
2AJGMBF-T15,2AJGM,PO FUNG ELECTRONIC (HK) INTERNATONAL GROUP COMPANY LIMITED,Original Equipment,11/28/2019
2AJGMBF888SPLUS,2AJGM,PO FUNG ELECTRONIC (HK) INTERNATONAL GROUP COMPANY LIMITED,Original Equipment,05/11/2021
2AJGMF100,2AJGM,PO FUNG ELECTRONIC (HK) INTERNATONAL GROUP COMPANY LIMITED,Change in Identification,05/24/2021
2AJGMH-888S,2AJGM,PO FUNG ELECTRONIC (HK) INTERNATONAL GROUP COMPANY LIMITED,Original Equipment,01/18/2023
2AJGMH-888S,2AJGM,PO FUNG ELECTRONIC (HK) INTERNATONAL GROUP COMPANY LIMITED,Original Equipment,12/29/2022
2AJGMUV-5R,2AJGM,PO FUNG ELECTRONIC (HK) INTERNATONAL GROUP COMPANY LIMITED,Change in Identification,11/03/2020
2AJGMUV-82,2AJGM,PO FUNG ELECTRONIC (HK) INTERNATONAL GROUP COMPANY LIMITED,Change in Identification,11/03/2020
2AJGMUV17M,2AJGM,PO FUNG ELECTRONIC (HK) INTERNATONAL GROUP COMPANY LIMITED,Original Equipment,02/26/2024
2AJGMUV82,2AJGM,PO FUNG ELECTRONIC (HK) INTERNATONAL GROUP COMPANY LIMITED,Original Equipment,02/25/2021
2ANPO00NRF9151,2ANPO,Nordic Semiconductor ASA,Class II Permissive Change,07/01/2024
2ANPO00NRF9151,2ANPO,Nordic Semiconductor ASA,Class II Permissive Change,07/18/2025
2ANPO00NRF9151,2ANPO,Nordic Semiconductor ASA,Original Equipment,04/05/2024
2ANPO00NRF9160,2ANPO,Nordic Semiconductor ASA,Class II Permissive Change,06/29/2023
2ANPO00NRF9160,2ANPO,Nordic Semiconductor ASA,Class II Permissive Change,09/21/2020
2ANPO00NRF9160,2ANPO,Nordic Semiconductor ASA,Original Equipment,06/06/2019
2ANPO00NRF9160,2ANPO,Nordic Semiconductor ASA,Original Equipment,06/14/2019
2ANPO00NRF9160,2ANPO,Nordic Semiconductor ASA,Original Equipment,06/17/2019
2ANPO00NRF9161,2ANPO,Nordic Semiconductor ASA,Original Equipment,12/20/2023
2ANPOTHINGY53,2ANPO,Nordic Semiconductor ASA,Original Equipment,06/22/2022
2ANPOTHINGY91,2ANPO,Nordic Semiconductor ASA,Original Equipment,01/28/2020
AFJ217700,AFJ,ICOM Incorporated,Original Equipment,04/11/2003
AFJ217800,AFJ,ICOM Incorporated,Original Equipment,09/09/2004
AFJ236702,AFJ,ICOM Incorporated,Class II Permissive Change,12/30/2003
AFJ236702,AFJ,ICOM Incorporated,Original Equipment,06/18/2003
AFJ236801,AFJ,ICOM Incorporated,Class II Permissive Change,10/05/2007
AFJ236801,AFJ,ICOM Incorporated,Original Equipment,09/03/2003
AFJ236803,AFJ,ICOM Incorporated,Class II Permissive Change,10/08/2007
AFJ236803,AFJ,ICOM Incorporated,Original Equipment,02/27/2003
AFJ242700,AFJ,ICOM Incorporated,Original Equipment,11/15/2005
AFJ259000,AFJ,ICOM Incorporated,Class II Permissive Change,04/11/2006
AFJ259000,AFJ,ICOM Incorporated,Original Equipment,02/18/2004
AFJ262200,AFJ,ICOM Incorporated,Original Equipment,01/29/2003
AFJ262301,AFJ,ICOM Incorporated,Original Equipment,02/19/2003
AFJ262700,AFJ,ICOM Incorporated,Original Equipment,07/18/2003
AFJ263300,AFJ,ICOM Incorporated,Original Equipment,04/21/2003
AFJ268100,AFJ,ICOM Incorporated,Original Equipment,01/05/2004
AFJ268201,AFJ,ICOM Incorporated,Original Equipment,01/12/2004
AFJ268202,AFJ,ICOM Incorporated,Original Equipment,12/30/2003
AFJ268500,AFJ,ICOM Incorporated,Original Equipment,11/05/2003
AFJ269100,AFJ,ICOM Incorporated,Class II Permissive Change,03/17/2005
AFJ269100,AFJ,ICOM Incorporated,Original Equipment,09/25/2003
AFJ269700,AFJ,ICOM Incorporated,Original Equipment,10/20/2003
AFJ269800,AFJ,ICOM Incorporated,Original Equipment,12/16/2003
AFJ269900,AFJ,ICOM Incorporated,Original Equipment,03/29/2004
AFJ270600,AFJ,ICOM Incorporated,Original Equipment,11/26/2003
AFJ271400,AFJ,ICOM Incorporated,Class II Permissive Change,11/29/2010
AFJ271400,AFJ,ICOM Incorporated,Original Equipment,09/13/2005
AFJ271410,AFJ,ICOM Incorporated,Original Equipment,07/05/2018
AFJ271420,AFJ,ICOM Incorporated,Original Equipment,01/07/2021
AFJ272102,AFJ,ICOM Incorporated,Class II Permissive Change,12/29/2012
AFJ272102,AFJ,ICOM Incorporated,Original Equipment,03/18/2004
AFJ272103,AFJ,ICOM Incorporated,Class II Permissive Change,12/29/2012
AFJ272103,AFJ,ICOM Incorporated,Original Equipment,09/20/2004
AFJ272105,AFJ,ICOM Incorporated,Class II Permissive Change,07/20/2005
AFJ272105,AFJ,ICOM Incorporated,Original Equipment,06/30/2005
AFJ277500,AFJ,ICOM Incorporated,Class II Permissive Change,06/08/2009
AFJ277500,AFJ,ICOM Incorporated,Class II Permissive Change,12/21/2012
AFJ277500,AFJ,ICOM Incorporated,Original Equipment,10/28/2004
AFJ277601,AFJ,ICOM Incorporated,Class II Permissive Change,06/30/2009
AFJ277601,AFJ,ICOM Incorporated,Class II Permissive Change,12/19/2012
AFJ277601,AFJ,ICOM Incorporated,Original Equipment,09/17/2004
AFJ277602,AFJ,ICOM Incorporated,Class II Permissive Change,07/08/2009
AFJ277602,AFJ,ICOM Incorporated,Class II Permissive Change,12/19/2012
AFJ277602,AFJ,ICOM Incorporated,Original Equipment,11/01/2004
AFJ278000,AFJ,ICOM Incorporated,Class II Permissive Change,11/29/2010
AFJ278000,AFJ,ICOM Incorporated,Original Equipment,09/13/2005
AFJ278100,AFJ,ICOM Incorporated,Class II Permissive Change,02/24/2012
AFJ278100,AFJ,ICOM Incorporated,Original Equipment,11/02/2004
AFJ278201,AFJ,ICOM Incorporated,Original Equipment,12/09/2004
AFJ278202,AFJ,ICOM Incorporated,Original Equipment,12/09/2004
AFJ278800,AFJ,ICOM Incorporated,Original Equipment,09/28/2004
AFJ279100,AFJ,ICOM Incorporated,Class II Permissive Change,01/13/2012
AFJ279100,AFJ,ICOM Incorporated,Class II Permissive Change,05/17/2017
AFJ279100,AFJ,ICOM Incorporated,Class II Permissive Change,06/12/2008
AFJ279100,AFJ,ICOM Incorporated,Original Equipment,11/16/2004
AFJ279501,AFJ,ICOM Incorporated,Original Equipment,11/22/2004
AFJ279521,AFJ,ICOM Incorporated,Class II Permissive Change,12/02/2016
AFJ279521,AFJ,ICOM Incorporated,Original Equipment,10/13/2004
AFJ279530,AFJ,ICOM Incorporated,Original Equipment,09/08/2022
AFJ280300,AFJ,ICOM Incorporated,Original Equipment,01/12/2005
AFJ280401,AFJ,ICOM Incorporated,Original Equipment,12/23/2004
AFJ280402,AFJ,ICOM Incorporated,Original Equipment,12/23/2004
AFJ281600,AFJ,ICOM Incorporated,Class II Permissive Change,12/29/2012
AFJ281600,AFJ,ICOM Incorporated,Original Equipment,09/21/2004
AFJ282600,AFJ,ICOM Incorporated,Original Equipment,11/08/2004
AFJ283300,AFJ,ICOM Incorporated,Original Equipment,11/23/2004
AFJ284400,AFJ,ICOM Incorporated,Original Equipment,02/27/2007
AFJ284401,AFJ,ICOM Incorporated,Original Equipment,02/23/2007
AFJ285200,AFJ,ICOM Incorporated,Original Equipment,03/15/2005
AFJ286900,AFJ,ICOM Incorporated,Original Equipment,11/03/2005
AFJ287900,AFJ,ICOM Incorporated,Original Equipment,04/25/2006
AFJ287901,AFJ,ICOM Incorporated,Original Equipment,06/15/2007
AFJ288000,AFJ,ICOM Incorporated,Original Equipment,01/27/2006
AFJ288800,AFJ,ICOM Incorporated,Original Equipment,04/21/2006
AFJ289300,AFJ,ICOM Incorporated,Class II Permissive Change,04/16/2008
AFJ289300,AFJ,ICOM Incorporated,Class II Permissive Change,09/07/2012
AFJ289300,AFJ,ICOM Incorporated,Class II Permissive Change,12/20/2013
AFJ289300,AFJ,ICOM Incorporated,Original Equipment,04/18/2006
AFJ289401,AFJ,ICOM Incorporated,Class II Permissive Change,01/09/2014
AFJ289401,AFJ,ICOM Incorporated,Class II Permissive Change,02/15/2008
AFJ289401,AFJ,ICOM Incorporated,Class II Permissive Change,09/17/2012
AFJ289401,AFJ,ICOM Incorporated,Original Equipment,05/18/2006
AFJ289402,AFJ,ICOM Incorporated,Class II Permissive Change,07/28/2008
AFJ289402,AFJ,ICOM Incorporated,Class II Permissive Change,09/28/2012
AFJ289402,AFJ,ICOM Incorporated,Original Equipment,06/03/2006
AFJ290500,AFJ,ICOM Incorporated,Original Equipment,01/27/2006
AFJ291400,AFJ,ICOM Incorporated,Class II Permissive Change,08/18/2011
AFJ291400,AFJ,ICOM Incorporated,Original Equipment,03/08/2006
AFJ292600,AFJ,ICOM Incorporated,Class II Permissive Change,03/06/2012
AFJ292600,AFJ,ICOM Incorporated,Class II Permissive Change,12/29/2012
AFJ292600,AFJ,ICOM Incorporated,Original Equipment,06/19/2006
AFJ292701,AFJ,ICOM Incorporated,Class II Permissive Change,02/16/2012
AFJ292701,AFJ,ICOM Incorporated,Class II Permissive Change,12/29/2012
AFJ292701,AFJ,ICOM Incorporated,Original Equipment,07/11/2006
AFJ292702,AFJ,ICOM Incorporated,Class II Permissive Change,02/16/2012
AFJ292702,AFJ,ICOM Incorporated,Class II Permissive Change,12/29/2012
AFJ292702,AFJ,ICOM Incorporated,Original Equipment,07/14/2006
AFJ293100,AFJ,ICOM Incorporated,Class II Permissive Change,01/11/2023
AFJ293100,AFJ,ICOM Incorporated,Original Equipment,11/11/2022
AFJ293100,AFJ,ICOM Incorporated,Original Equipment,11/12/2022
AFJ296400,AFJ,ICOM Incorporated,Original Equipment,01/08/2007
AFJ297000,AFJ,ICOM Incorporated,Original Equipment,01/11/2007
AFJ297400,AFJ,ICOM Incorporated,Class II Permissive Change,07/22/2011
AFJ297400,AFJ,ICOM Incorporated,Original Equipment,07/24/2007
AFJ297410,AFJ,ICOM Incorporated,Class II Permissive Change,06/07/2016
AFJ297410,AFJ,ICOM Incorporated,Original Equipment,03/11/2015
AFJ297420,AFJ,ICOM Incorporated,Class II Permissive Change,06/25/2025
AFJ297420,AFJ,ICOM Incorporated,Original Equipment,12/02/2019
AFJ297430,AFJ,ICOM Incorporated,Original Equipment,12/23/2024
AFJ297900,AFJ,ICOM Incorporated,Class II Permissive Change,04/17/2014
AFJ297900,AFJ,ICOM Incorporated,Class II Permissive Change,12/12/2012
AFJ297900,AFJ,ICOM Incorporated,Original Equipment,02/20/2007
AFJ298001,AFJ,ICOM Incorporated,Class II Permissive Change,07/04/2014
AFJ298001,AFJ,ICOM Incorporated,Original Equipment,03/22/2007
AFJ298002,AFJ,ICOM Incorporated,Class II Permissive Change,09/09/2014
AFJ298002,AFJ,ICOM Incorporated,Original Equipment,04/02/2007
AFJ298700,AFJ,ICOM Incorporated,Original Equipment,12/06/2006
AFJ298900,AFJ,ICOM Incorporated,Original Equipment,11/30/2006
AFJ300900,AFJ,ICOM Incorporated,Original Equipment,02/11/2008
AFJ301500,AFJ,ICOM Incorporated,Original Equipment,07/28/2008
AFJ305400,AFJ,ICOM Incorporated,Original Equipment,09/17/2010
AFJ305600,AFJ,ICOM Incorporated,Class II Permissive Change,11/26/2014
AFJ305600,AFJ,ICOM Incorporated,Original Equipment,11/26/2007
AFJ306000,AFJ,ICOM Incorporated,Original Equipment,09/08/2007
AFJ306200,AFJ,ICOM Incorporated,Class II Permissive Change,04/15/2013
AFJ306200,AFJ,ICOM Incorporated,Class II Permissive Change,05/14/2010
AFJ306200,AFJ,ICOM Incorporated,Class II Permissive Change,10/29/2014
AFJ306200,AFJ,ICOM Incorporated,Original Equipment,06/09/2008
AFJ306301,AFJ,ICOM Incorporated,Class II Permissive Change,09/03/2014
AFJ306301,AFJ,ICOM Incorporated,Original Equipment,02/25/2008
AFJ306302,AFJ,ICOM Incorporated,Class II Permissive Change,12/15/2014
AFJ306302,AFJ,ICOM Incorporated,Original Equipment,05/22/2008
AFJ306600,AFJ,ICOM Incorporated,Original Equipment,12/26/2007
AFJ307300,AFJ,ICOM Incorporated,Class II Permissive Change,01/11/2016
AFJ307300,AFJ,ICOM Incorporated,Original Equipment,02/09/2009
AFJ307400,AFJ,ICOM Incorporated,Class II Permissive Change,04/24/2008
AFJ307400,AFJ,ICOM Incorporated,Class II Permissive Change,05/09/2017
AFJ307400,AFJ,ICOM Incorporated,Class II Permissive Change,12/18/2012
AFJ307400,AFJ,ICOM Incorporated,Original Equipment,02/07/2008
AFJ307600,AFJ,ICOM Incorporated,Original Equipment,07/18/2008
AFJ307701,AFJ,ICOM Incorporated,Class II Permissive Change,12/02/2014
AFJ307701,AFJ,ICOM Incorporated,Original Equipment,05/13/2009
AFJ307702,AFJ,ICOM Incorporated,Class II Permissive Change,12/18/2014
AFJ307702,AFJ,ICOM Incorporated,Original Equipment,09/16/2009
AFJ307801,AFJ,ICOM Incorporated,Class II Permissive Change,04/17/2013
AFJ307801,AFJ,ICOM Incorporated,Class II Permissive Change,04/19/2010
AFJ307801,AFJ,ICOM Incorporated,Original Equipment,03/10/2009
AFJ307802,AFJ,ICOM Incorporated,Class II Permissive Change,04/16/2010
AFJ307802,AFJ,ICOM Incorporated,Class II Permissive Change,04/17/2013
AFJ307802,AFJ,ICOM Incorporated,Class II Permissive Change,12/09/2014
AFJ307802,AFJ,ICOM Incorporated,Original Equipment,06/04/2009
AFJ307803,AFJ,ICOM Incorporated,Class II Permissive Change,04/17/2013
AFJ307803,AFJ,ICOM Incorporated,Class II Permissive Change,11/20/2014
AFJ307803,AFJ,ICOM Incorporated,Original Equipment,07/16/2010
AFJ307900,AFJ,ICOM Incorporated,Class II Permissive Change,11/28/2014
AFJ307900,AFJ,ICOM Incorporated,Original Equipment,05/05/2008
AFJ312001,AFJ,ICOM Incorporated,Original Equipment,03/11/2008
AFJ312002,AFJ,ICOM Incorporated,Original Equipment,04/10/2008
AFJ315500,AFJ,ICOM Incorporated,Original Equipment,02/19/2009
AFJ316101,AFJ,ICOM Incorporated,Original Equipment,05/01/2008
AFJ316700,AFJ,ICOM Incorporated,Original Equipment,03/02/2009
AFJ316800,AFJ,ICOM Incorporated,Original Equipment,01/05/2009
AFJ317600,AFJ,ICOM Incorporated,Class II Permissive Change,06/19/2009
AFJ317600,AFJ,ICOM Incorporated,Class II Permissive Change,12/16/2014
AFJ317600,AFJ,ICOM Incorporated,Original Equipment,02/03/2009
AFJ317900,AFJ,ICOM Incorporated,Original Equipment,03/24/2009
AFJ318001,AFJ,ICOM Incorporated,Original Equipment,05/22/2009
AFJ318002,AFJ,ICOM Incorporated,Original Equipment,07/20/2009
AFJ318200,AFJ,ICOM Incorporated,Original Equipment,12/29/2010
AFJ318300,AFJ,ICOM Incorporated,Original Equipment,02/10/2011
AFJ322800,AFJ,ICOM Incorporated,Original Equipment,08/04/2011
AFJ325000,AFJ,ICOM Incorporated,Class II Permissive Change,11/06/2015
AFJ325000,AFJ,ICOM Incorporated,Original Equipment,01/13/2010
AFJ325010,AFJ,ICOM Incorporated,Original Equipment,03/21/2023
AFJ325100,AFJ,ICOM Incorporated,Original Equipment,11/29/2011
AFJ325110,AFJ,ICOM Incorporated,Original Equipment,04/13/2022
AFJ325300,AFJ,ICOM Incorporated,Original Equipment,01/14/2010
AFJ325400,AFJ,ICOM Incorporated,Original Equipment,11/20/2009
AFJ328500,AFJ,ICOM Incorporated,Original Equipment,12/10/2009
AFJ328550,AFJ,ICOM Incorporated,Original Equipment,09/14/2021
AFJ328601,AFJ,ICOM Incorporated,Original Equipment,11/18/2009
AFJ328602,AFJ,ICOM Incorporated,Original Equipment,03/25/2010
AFJ329600,AFJ,ICOM Incorporated,Original Equipment,06/25/2012
AFJ332200,AFJ,ICOM Incorporated,Original Equipment,11/29/2011
AFJ332800,AFJ,ICOM Incorporated,Original Equipment,12/03/2010
AFJ332901,AFJ,ICOM Incorporated,Original Equipment,03/14/2011
AFJ332902,AFJ,ICOM Incorporated,Original Equipment,07/22/2011
AFJ333100,AFJ,ICOM Incorporated,Original Equipment,12/17/2010
AFJ333110,AFJ,ICOM Incorporated,Original Equipment,05/09/2018
AFJ333201,AFJ,ICOM Incorporated,Original Equipment,03/04/2011
AFJ333202,AFJ,ICOM Incorporated,Original Equipment,05/24/2011
AFJ333211,AFJ,ICOM Incorporated,Original Equipment,05/22/2018
AFJ333212,AFJ,ICOM Incorporated,Original Equipment,05/17/2018
AFJ333400,AFJ,ICOM Incorporated,Original Equipment,10/01/2010
AFJ333501,AFJ,ICOM Incorporated,Original Equipment,09/29/2010
AFJ333502,AFJ,ICOM Incorporated,Original Equipment,12/21/2010
AFJ333800,AFJ,ICOM Incorporated,Class II Permissive Change,11/23/2012
AFJ333800,AFJ,ICOM Incorporated,Original Equipment,04/13/2012
AFJ333810,AFJ,ICOM Incorporated,Original Equipment,05/18/2020
AFJ334000,AFJ,ICOM Incorporated,Original Equipment,02/15/2011
AFJ339000,AFJ,ICOM Incorporated,Original Equipment,01/15/2013
AFJ339300,AFJ,ICOM Incorporated,Class II Permissive Change,03/17/2016
AFJ339300,AFJ,ICOM Incorporated,Original Equipment,06/25/2013
AFJ339310,AFJ,ICOM Incorporated,Original Equipment,06/27/2023
AFJ339400,AFJ,ICOM Incorporated,Original Equipment,02/29/2012
AFJ340100,AFJ,ICOM Incorporated,Class II Permissive Change,01/29/2014
AFJ340100,AFJ,ICOM Incorporated,Class II Permissive Change,04/16/2013
AFJ340100,AFJ,ICOM Incorporated,Original Equipment,08/27/2012
AFJ340201,AFJ,ICOM Incorporated,Class II Permissive Change,04/16/2013
AFJ340201,AFJ,ICOM Incorporated,Class II Permissive Change,06/12/2014
AFJ340201,AFJ,ICOM Incorporated,Original Equipment,08/16/2012
AFJ340202,AFJ,ICOM Incorporated,Class II Permissive Change,04/16/2013
AFJ340202,AFJ,ICOM Incorporated,Original Equipment,05/30/2012
AFJ348400,AFJ,ICOM Incorporated,Class II Permissive Change,04/16/2022
AFJ348400,AFJ,ICOM Incorporated,Original Equipment,03/27/2014
AFJ349300,AFJ,ICOM Incorporated,Original Equipment,11/06/2014
AFJ349500,AFJ,ICOM Incorporated,Class II Permissive Change,03/21/2014
AFJ349500,AFJ,ICOM Incorporated,Class II Permissive Change,04/24/2013
AFJ349500,AFJ,ICOM Incorporated,Original Equipment,02/01/2013
AFJ349510,AFJ,ICOM Incorporated,Original Equipment,03/20/2020
AFJ349520,AFJ,ICOM Incorporated,Original Equipment,04/23/2021
AFJ350000,AFJ,ICOM Incorporated,Class II Permissive Change,06/03/2016
AFJ350000,AFJ,ICOM Incorporated,Original Equipment,06/18/2013
AFJ352100,AFJ,ICOM Incorporated,Original Equipment,11/26/2013
AFJ352201,AFJ,ICOM Incorporated,Original Equipment,07/26/2013
AFJ352202,AFJ,ICOM Incorporated,Original Equipment,09/18/2013
AFJ353700,AFJ,ICOM Incorporated,Original Equipment,02/19/2014
AFJ353801,AFJ,ICOM Incorporated,Original Equipment,02/27/2014
AFJ356100,AFJ,ICOM Incorporated,Original Equipment,03/27/2014
AFJ356200,AFJ,ICOM Incorporated,Original Equipment,03/20/2014
AFJ357000,AFJ,ICOM Incorporated,Original Equipment,03/20/2014
AFJ357600,AFJ,ICOM Incorporated,Class II Permissive Change,04/23/2014
AFJ357600,AFJ,ICOM Incorporated,Class II Permissive Change,10/14/2015
AFJ357600,AFJ,ICOM Incorporated,Original Equipment,03/28/2014
AFJ359800,AFJ,ICOM Incorporated,Original Equipment,12/16/2014
AFJ360300,AFJ,ICOM Incorporated,Class II Permissive Change,01/14/2016
AFJ360300,AFJ,ICOM Incorporated,Original Equipment,06/22/2015
AFJ361500,AFJ,ICOM Incorporated,Original Equipment,01/15/2015
AFJ362000,AFJ,ICOM Incorporated,Class II Permissive Change,12/19/2014
AFJ362000,AFJ,ICOM Incorporated,Original Equipment,06/02/2014
AFJ362101,AFJ,ICOM Incorporated,Class II Permissive Change,12/18/2014
AFJ362101,AFJ,ICOM Incorporated,Original Equipment,05/12/2014
AFJ362102,AFJ,ICOM Incorporated,Original Equipment,12/09/2014
AFJ365900,AFJ,ICOM Incorporated,Original Equipment,03/18/2015
AFJ366001,AFJ,ICOM Incorporated,Original Equipment,03/20/2015
AFJ366200,AFJ,ICOM Incorporated,Original Equipment,07/25/2014
AFJ366301,AFJ,ICOM Incorporated,Original Equipment,07/04/2014
AFJ366400,AFJ,ICOM Incorporated,Original Equipment,07/16/2014
AFJ366501,AFJ,ICOM Incorporated,Original Equipment,06/13/2014
AFJ369401,AFJ,ICOM Incorporated,Original Equipment,02/18/2015
AFJ369402,AFJ,ICOM Incorporated,Original Equipment,11/18/2015
AFJ369600,AFJ,ICOM Incorporated,Original Equipment,02/19/2015
AFJ369700,AFJ,ICOM Incorporated,Original Equipment,12/22/2015
AFJ369710,AFJ,ICOM Incorporated,Original Equipment,03/28/2019
AFJ369900,AFJ,ICOM Incorporated,Original Equipment,07/12/2017
AFJ369910,AFJ,ICOM Incorporated,Class II Permissive Change,05/18/2023
AFJ369910,AFJ,ICOM Incorporated,Original Equipment,04/12/2019
AFJ370500,AFJ,ICOM Incorporated,Original Equipment,01/30/2015
AFJ370601,AFJ,ICOM Incorporated,Original Equipment,01/29/2015
AFJ370602,AFJ,ICOM Incorporated,Original Equipment,01/30/2015
AFJ372300,AFJ,ICOM Incorporated,Original Equipment,05/22/2015
AFJ372310,AFJ,ICOM Incorporated,Original Equipment,03/20/2020
AFJ374000,AFJ,ICOM Incorporated,Original Equipment,11/28/2017
AFJ375000,AFJ,ICOM Incorporated,Original Equipment,11/14/2017
AFJ375400,AFJ,ICOM Incorporated,Original Equipment,05/11/2018
AFJ375410,AFJ,ICOM Incorporated,Original Equipment,05/11/2018
AFJ376500,AFJ,ICOM Incorporated,Original Equipment,02/24/2016
AFJ376600,AFJ,ICOM Incorporated,Class II Permissive Change,01/24/2022
AFJ376600,AFJ,ICOM Incorporated,Class II Permissive Change,02/06/2026
AFJ376600,AFJ,ICOM Incorporated,Original Equipment,09/09/2016
AFJ376701,AFJ,ICOM Incorporated,Class II Permissive Change,01/28/2022
AFJ376701,AFJ,ICOM Incorporated,Class II Permissive Change,09/16/2025
AFJ376701,AFJ,ICOM Incorporated,Original Equipment,07/29/2016
AFJ376702,AFJ,ICOM Incorporated,Class II Permissive Change,02/02/2022
AFJ376702,AFJ,ICOM Incorporated,Class II Permissive Change,03/05/2026
AFJ376702,AFJ,ICOM Incorporated,Original Equipment,10/14/2016
AFJ376800,AFJ,ICOM Incorporated,Class II Permissive Change,02/07/2022
AFJ376800,AFJ,ICOM Incorporated,Original Equipment,08/19/2016
AFJ376901,AFJ,ICOM Incorporated,Class II Permissive Change,02/11/2022
AFJ376901,AFJ,ICOM Incorporated,Original Equipment,08/20/2016
AFJ376902,AFJ,ICOM Incorporated,Class II Permissive Change,02/15/2022
AFJ376902,AFJ,ICOM Incorporated,Original Equipment,10/19/2016
AFJ381500,AFJ,ICOM Incorporated,Original Equipment,06/16/2016
AFJ381510,AFJ,ICOM Incorporated,Original Equipment,04/28/2025
AFJ381800,AFJ,ICOM Incorporated,Class II Permissive Change,07/26/2024
AFJ381800,AFJ,ICOM Incorporated,Original Equipment,06/26/2017
AFJ381801,AFJ,ICOM Incorporated,Class II Permissive Change,07/26/2024
AFJ381801,AFJ,ICOM Incorporated,Original Equipment,06/27/2017
AFJ382200,AFJ,ICOM Incorporated,Original Equipment,07/14/2016
AFJ382500,AFJ,ICOM Incorporated,Original Equipment,09/03/2019
AFJ384301,AFJ,ICOM Incorporated,Class II Permissive Change,05/31/2022
AFJ384301,AFJ,ICOM Incorporated,Original Equipment,05/31/2017
AFJ384302,AFJ,ICOM Incorporated,Class II Permissive Change,06/03/2022
AFJ384302,AFJ,ICOM Incorporated,Original Equipment,09/28/2017
AFJ384400,AFJ,ICOM Incorporated,Class II Permissive Change,12/23/2021
AFJ384400,AFJ,ICOM Incorporated,Original Equipment,03/30/2017
AFJ384601,AFJ,ICOM Incorporated,Original Equipment,07/17/2017
AFJ384602,AFJ,ICOM Incorporated,Original Equipment,08/15/2017
AFJ384611,AFJ,ICOM Incorporated,Original Equipment,11/17/2022
AFJ384612,AFJ,ICOM Incorporated,Original Equipment,12/22/2022
AFJ384700,AFJ,ICOM Incorporated,Original Equipment,05/29/2017
AFJ384710,AFJ,ICOM Incorporated,Original Equipment,07/06/2022
AFJ386400,AFJ,ICOM Incorporated,Class II Permissive Change,07/02/2025
AFJ386400,AFJ,ICOM Incorporated,Original Equipment,11/06/2017
AFJ386600,AFJ,ICOM Incorporated,Original Equipment,04/06/2017
AFJ386700,AFJ,ICOM Incorporated,Original Equipment,12/14/2020
AFJ387300,AFJ,ICOM Incorporated,Change in Identification,01/20/2023
AFJ387300,AFJ,ICOM Incorporated,Class II Permissive Change,07/24/2023
AFJ387700,AFJ,ICOM Incorporated,Class II Permissive Change,01/30/2018
AFJ387700,AFJ,ICOM Incorporated,Class II Permissive Change,03/17/2022
AFJ387700,AFJ,ICOM Incorporated,Class II Permissive Change,06/12/2025
AFJ387700,AFJ,ICOM Incorporated,Original Equipment,06/30/2017
AFJ387801,AFJ,ICOM Incorporated,Class II Permissive Change,01/15/2018
AFJ387801,AFJ,ICOM Incorporated,Class II Permissive Change,05/25/2022
AFJ387801,AFJ,ICOM Incorporated,Class II Permissive Change,06/16/2025
AFJ387801,AFJ,ICOM Incorporated,Original Equipment,06/09/2017
AFJ387802,AFJ,ICOM Incorporated,Class II Permissive Change,01/17/2018
AFJ387802,AFJ,ICOM Incorporated,Class II Permissive Change,05/25/2022
AFJ387802,AFJ,ICOM Incorporated,Class II Permissive Change,06/18/2025
AFJ387802,AFJ,ICOM Incorporated,Original Equipment,08/01/2017
AFJ388600,AFJ,ICOM Incorporated,Original Equipment,01/18/2017
AFJ388610,AFJ,ICOM Incorporated,Original Equipment,03/08/2022
AFJ395100,AFJ,ICOM Incorporated,Class II Permissive Change,06/24/2022
AFJ395100,AFJ,ICOM Incorporated,Class II Permissive Change,07/09/2025
AFJ395100,AFJ,ICOM Incorporated,Original Equipment,11/08/2018
AFJ395201,AFJ,ICOM Incorporated,Class II Permissive Change,07/07/2022
AFJ395201,AFJ,ICOM Incorporated,Class II Permissive Change,07/16/2025
AFJ395201,AFJ,ICOM Incorporated,Original Equipment,11/15/2018
AFJ395202,AFJ,ICOM Incorporated,Class II Permissive Change,07/08/2022
AFJ395202,AFJ,ICOM Incorporated,Class II Permissive Change,07/10/2025
AFJ395202,AFJ,ICOM Incorporated,Original Equipment,11/21/2018
AFJ397200,AFJ,ICOM Incorporated,Original Equipment,11/10/2017
AFJ397210,AFJ,ICOM Incorporated,Original Equipment,01/14/2022
AFJ397400,AFJ,ICOM Incorporated,Original Equipment,11/01/2017
AFJ397410,AFJ,ICOM Incorporated,Original Equipment,03/12/2021
AFJ398000,AFJ,ICOM Incorporated,Original Equipment,08/21/2018
AFJ398010,AFJ,ICOM Incorporated,Original Equipment,10/17/2022
AFJ398900,AFJ,ICOM Incorporated,Original Equipment,05/02/2019
AFJ399000,AFJ,ICOM Incorporated,Class II Permissive Change,05/06/2022
AFJ399000,AFJ,ICOM Incorporated,Original Equipment,07/05/2018
AFJ399100,AFJ,ICOM Incorporated,Original Equipment,05/22/2019
AFJ399110,AFJ,ICOM Incorporated,Original Equipment,09/14/2023
AFJ399500,AFJ,ICOM Incorporated,Original Equipment,03/25/2022
AFJ399510,AFJ,ICOM Incorporated,Class II Permissive Change,05/15/2024
AFJ399510,AFJ,ICOM Incorporated,Class II Permissive Change,05/16/2024
AFJ399510,AFJ,ICOM Incorporated,Original Equipment,03/07/2023
AFJ400300,AFJ,ICOM Incorporated,Class II Permissive Change,07/31/2019
AFJ400300,AFJ,ICOM Incorporated,Original Equipment,07/30/2018
AFJ400310,AFJ,ICOM Incorporated,Original Equipment,11/19/2021
AFJ400401,AFJ,ICOM Incorporated,Original Equipment,07/11/2018
AFJ400402,AFJ,ICOM Incorporated,Original Equipment,11/20/2018
AFJ400411,AFJ,ICOM Incorporated,Original Equipment,08/20/2019
AFJ400421,AFJ,ICOM Incorporated,Original Equipment,12/08/2021
AFJ400422,AFJ,ICOM Incorporated,Original Equipment,12/13/2021
AFJ400900,AFJ,ICOM Incorporated,Original Equipment,12/27/2018
AFJ405200,AFJ,ICOM Incorporated,Original Equipment,03/29/2019
AFJ405210,AFJ,ICOM Incorporated,Class II Permissive Change,05/24/2023
AFJ405210,AFJ,ICOM Incorporated,Original Equipment,10/28/2021
AFJ405400,AFJ,ICOM Incorporated,Original Equipment,04/10/2019
AFJ405410,AFJ,ICOM Incorporated,Original Equipment,03/31/2021
AFJ406600,AFJ,ICOM Incorporated,Original Equipment,03/18/2019
AFJ407500,AFJ,ICOM Incorporated,Original Equipment,08/06/2020
AFJ409100,AFJ,ICOM Incorporated,Original Equipment,03/05/2020
AFJ409110,AFJ,ICOM Incorporated,Original Equipment,10/22/2021
AFJ409201,AFJ,ICOM Incorporated,Original Equipment,03/05/2020
AFJ409202,AFJ,ICOM Incorporated,Original Equipment,06/26/2020
AFJ409211,AFJ,ICOM Incorporated,Original Equipment,10/28/2021
AFJ409212,AFJ,ICOM Incorporated,Original Equipment,10/29/2021
AFJ410000,AFJ,ICOM Incorporated,Original Equipment,11/15/2019
AFJ410800,AFJ,ICOM Incorporated,Change in Identification,05/23/2019
AFJ410800,AFJ,ICOM Incorporated,Class II Permissive Change,05/01/2023
AFJ410800,AFJ,ICOM Incorporated,Class II Permissive Change,05/23/2019
AFJ410810,AFJ,ICOM Incorporated,Change in Identification,09/12/2024
AFJ410810,AFJ,ICOM Incorporated,Class II Permissive Change,10/28/2024
AFJ410900,AFJ,ICOM Incorporated,Original Equipment,07/10/2024
AFJ411300,AFJ,ICOM Incorporated,Original Equipment,08/31/2020
AFJ417100,AFJ,ICOM Incorporated,Original Equipment,02/22/2022
AFJ417201,AFJ,ICOM Incorporated,Original Equipment,02/28/2022
AFJ417900,AFJ,ICOM Incorporated,Class II Permissive Change,05/30/2024
AFJ417900,AFJ,ICOM Incorporated,Original Equipment,04/29/2021
AFJ418001,AFJ,ICOM Incorporated,Class II Permissive Change,05/07/2024
AFJ418001,AFJ,ICOM Incorporated,Original Equipment,01/26/2023
AFJ418800,AFJ,ICOM Incorporated,Original Equipment,12/04/2020
AFJ418810,AFJ,ICOM Incorporated,Original Equipment,10/07/2021
AFJ419500,AFJ,ICOM Incorporated,Original Equipment,04/30/2021
AFJ419510,AFJ,ICOM Incorporated,Original Equipment,01/30/2024
AFJ420300,AFJ,ICOM Incorporated,Original Equipment,08/20/2020
AFJ420310,AFJ,ICOM Incorporated,Original Equipment,03/29/2021
AFJ425900,AFJ,ICOM Incorporated,Original Equipment,10/19/2020
AFJ425910,AFJ,ICOM Incorporated,Original Equipment,05/26/2022
AFJ427400,AFJ,ICOM Incorporated,Change in Identification,05/26/2021
AFJ430100,AFJ,ICOM Incorporated,Original Equipment,08/19/2022
AFJ430201,AFJ,ICOM Incorporated,Original Equipment,08/04/2022
AFJ430500,AFJ,ICOM Incorporated,Class II Permissive Change,09/30/2021
AFJ430500,AFJ,ICOM Incorporated,Original Equipment,04/01/2021
AFJ430510,AFJ,ICOM Incorporated,Original Equipment,04/27/2022
AFJ432200,AFJ,ICOM Incorporated,Original Equipment,03/26/2024
AFJ432800,AFJ,ICOM Incorporated,Original Equipment,03/11/2022
AFJ436950,AFJ,ICOM Incorporated,Original Equipment,04/20/2023
AFJ438900,AFJ,ICOM Incorporated,Original Equipment,06/15/2023
AFJ439101,AFJ,ICOM Incorporated,Original Equipment,04/04/2023
AFJ439111,AFJ,ICOM Incorporated,Original Equipment,05/19/2023
AFJ444500,AFJ,ICOM Incorporated,Original Equipment,09/13/2024
AFJ446700,AFJ,ICOM Incorporated,Original Equipment,02/12/2024
AFJ448000,AFJ,ICOM Incorporated,Change in Identification,02/25/2025
AFJ448000,AFJ,ICOM Incorporated,Class II Permissive Change,03/07/2025
AFJ448001,AFJ,ICOM Incorporated,Change in Identification,02/26/2025
AFJ451200,AFJ,ICOM Incorporated,Original Equipment,01/14/2025
AFJ452100,AFJ,ICOM Incorporated,Original Equipment,05/12/2026
AFJ453000,AFJ,ICOM Incorporated,Original Equipment,11/18/2025
AFJ9XU-IC4GAT,AFJ,ICOM Incorporated,Original Equipment,02/09/1988
AFJ9XUIC-02A,AFJ,ICOM Incorporated,Original Equipment,02/22/1984
AFJ9XUIC-02AT,AFJ,ICOM Incorporated,Original Equipment,02/22/1984
AFJ9XUIC-03AT,AFJ,ICOM Incorporated,Original Equipment,11/10/1986
AFJ9XUIC-04A,AFJ,ICOM Incorporated,Original Equipment,05/22/1984
AFJ9XUIC-04AT,AFJ,ICOM Incorporated,Original Equipment,05/22/1984
AFJ9XUIC-125,AFJ,ICOM Incorporated,Original Equipment,08/25/1982
AFJ9XUIC-228A,AFJ,ICOM Incorporated,Original Equipment,03/23/1988
AFJ9XUIC-228H,AFJ,ICOM Incorporated,Original Equipment,03/22/1988
AFJ9XUIC-2400A,AFJ,ICOM Incorporated,Original Equipment,02/06/1989
AFJ9XUIC-2500A,AFJ,ICOM Incorporated,Original Equipment,01/11/1990
AFJ9XUIC-25H,AFJ,ICOM Incorporated,Original Equipment,03/24/1983
AFJ9XUIC-271A,AFJ,ICOM Incorporated,Original Equipment,05/23/1983
AFJ9XUIC-271H,AFJ,ICOM Incorporated,Original Equipment,02/29/1984
AFJ9XUIC-275A,AFJ,ICOM Incorporated,Original Equipment,12/03/1986
AFJ9XUIC-275H,AFJ,ICOM Incorporated,Original Equipment,03/11/1987
AFJ9XUIC-27A,AFJ,ICOM Incorporated,Original Equipment,05/22/1984
AFJ9XUIC-27H,AFJ,ICOM Incorporated,Original Equipment,05/22/1984
AFJ9XUIC-28A,AFJ,ICOM Incorporated,Original Equipment,04/28/1986
AFJ9XUIC-28H,AFJ,ICOM Incorporated,Original Equipment,05/22/1986
AFJ9XUIC-290H,AFJ,ICOM Incorporated,Original Equipment,12/06/1982
AFJ9XUIC-2GA,AFJ,ICOM Incorporated,Original Equipment,02/09/1988
AFJ9XUIC-2GAT,AFJ,ICOM Incorporated,Original Equipment,02/09/1988
AFJ9XUIC-2SA,AFJ,ICOM Incorporated,Original Equipment,02/08/1989
AFJ9XUIC-2SAT,AFJ,ICOM Incorporated,Original Equipment,01/11/1990
AFJ9XUIC-3200A,AFJ,ICOM Incorporated,Original Equipment,02/14/1985
AFJ9XUIC-3210A,AFJ,ICOM Incorporated,Original Equipment,08/12/1988
AFJ9XUIC-32A,AFJ,ICOM Incorporated,Original Equipment,03/30/1988
AFJ9XUIC-32AT,AFJ,ICOM Incorporated,Original Equipment,03/29/1988
AFJ9XUIC-375A,AFJ,ICOM Incorporated,Original Equipment,05/14/1987
AFJ9XUIC-37A,AFJ,ICOM Incorporated,Original Equipment,05/22/1984
AFJ9XUIC-38A,AFJ,ICOM Incorporated,Original Equipment,10/06/1986
AFJ9XUIC-3SAT,AFJ,ICOM Incorporated,Original Equipment,01/11/1990
AFJ9XUIC-435,AFJ,ICOM Incorporated,Original Equipment,05/16/1984
AFJ9XUIC-435,AFJ,ICOM Incorporated,Original Equipment,08/09/1983
AFJ9XUIC-448A,AFJ,ICOM Incorporated,Original Equipment,08/12/1988
AFJ9XUIC-45A,AFJ,ICOM Incorporated,Original Equipment,10/07/1982
AFJ9XUIC-471A,AFJ,ICOM Incorporated,Original Equipment,06/22/1983
AFJ9XUIC-471H,AFJ,ICOM Incorporated,Original Equipment,06/11/1984
AFJ9XUIC-475A,AFJ,ICOM Incorporated,Original Equipment,03/24/1987
AFJ9XUIC-475H,AFJ,ICOM Incorporated,Original Equipment,06/09/1987
AFJ9XUIC-47A,AFJ,ICOM Incorporated,Original Equipment,05/22/1984
AFJ9XUIC-48A,AFJ,ICOM Incorporated,Original Equipment,06/10/1986
AFJ9XUIC-490A,AFJ,ICOM Incorporated,Original Equipment,01/21/1982
AFJ9XUIC-4KL,AFJ,ICOM Incorporated,Original Equipment,03/24/1989
AFJ9XUIC-4SA,AFJ,ICOM Incorporated,Original Equipment,02/06/1989
AFJ9XUIC-4SAT,AFJ,ICOM Incorporated,Original Equipment,03/22/1990
AFJ9XUIC-505,AFJ,ICOM Incorporated,Original Equipment,05/27/1982
AFJ9XUIC-575A,AFJ,ICOM Incorporated,Original Equipment,06/18/1987
AFJ9XUIC-575H,AFJ,ICOM Incorporated,Original Equipment,06/18/1987
AFJ9XUIC-A2,AFJ,ICOM Incorporated,Original Equipment,06/24/1985
AFJ9XUIC-A20,AFJ,ICOM Incorporated,Original Equipment,05/27/1987
AFJ9XUIC-H10,AFJ,ICOM Incorporated,Class II Permissive Change,04/18/1989
AFJ9XUIC-H12,AFJ,ICOM Incorporated,Change in Identification,11/09/1982
AFJ9XUIC-H16,AFJ,ICOM Incorporated,Class II Permissive Change,02/04/1986
AFJ9XUIC-H16,AFJ,ICOM Incorporated,Class II Permissive Change,04/08/1986
AFJ9XUIC-H18,AFJ,ICOM Incorporated,Class II Permissive Change,06/15/1989
AFJ9XUIC-H2,AFJ,ICOM Incorporated,Original Equipment,12/06/1982
AFJ9XUIC-H6,AFJ,ICOM Incorporated,Original Equipment,11/04/1982
AFJ9XUIC-H8,AFJ,ICOM Incorporated,Original Equipment,06/08/1989
AFJ9XUIC-M100,AFJ,ICOM Incorporated,Original Equipment,11/13/1986
AFJ9XUIC-M11,AFJ,ICOM Incorporated,Original Equipment,02/08/1988
AFJ9XUIC-M120,AFJ,ICOM Incorporated,Original Equipment,02/21/1989
AFJ9XUIC-M2,AFJ,ICOM Incorporated,Class II Permissive Change,10/21/1987
AFJ9XUIC-M2,AFJ,ICOM Incorporated,Class II Permissive Change,12/23/1982
AFJ9XUIC-M5,AFJ,ICOM Incorporated,Class II Permissive Change,05/24/1984
AFJ9XUIC-M5,AFJ,ICOM Incorporated,Class II Permissive Change,10/21/1987
AFJ9XUIC-M500,AFJ,ICOM Incorporated,Original Equipment,03/16/1988
AFJ9XUIC-M500D,AFJ,ICOM Incorporated,Original Equipment,06/20/1988
AFJ9XUIC-M55,AFJ,ICOM Incorporated,Original Equipment,05/31/1985
AFJ9XUIC-M56,AFJ,ICOM Incorporated,Original Equipment,12/13/1988
AFJ9XUIC-M700TY,AFJ,ICOM Incorporated,Original Equipment,04/30/1986
AFJ9XUIC-M8,AFJ,ICOM Incorporated,Original Equipment,03/09/1987
AFJ9XUIC-M80,AFJ,ICOM Incorporated,Original Equipment,08/16/1982
AFJ9XUIC-M80,AFJ,ICOM Incorporated,Original Equipment,08/24/1982
AFJ9XUIC-M800,AFJ,ICOM Incorporated,Class II Permissive Change,10/22/1991
AFJ9XUIC-ML25,AFJ,ICOM Incorporated,Original Equipment,06/15/1982
AFJ9XUIC-R7000,AFJ,ICOM Incorporated,Original Equipment,05/19/1986
AFJ9XUIC-R9000,AFJ,ICOM Incorporated,Original Equipment,03/28/1989
AFJ9XUIC-RP1510,AFJ,ICOM Incorporated,Original Equipment,03/28/1988
AFJ9XUIC-RP2210,AFJ,ICOM Incorporated,Original Equipment,11/13/1987
AFJ9XUIC-RP3010,AFJ,ICOM Incorporated,Original Equipment,05/17/1983
AFJ9XUIC-U10,AFJ,ICOM Incorporated,Original Equipment,07/16/1984
AFJ9XUIC-U12,AFJ,ICOM Incorporated,Original Equipment,07/21/1983
AFJ9XUIC-U16,AFJ,ICOM Incorporated,Original Equipment,08/20/1985
AFJ9XUIC-U16,AFJ,ICOM Incorporated,Original Equipment,08/21/1985
AFJ9XUIC-U16-L,AFJ,ICOM Incorporated,Original Equipment,06/09/1988
AFJ9XUIC-U18,AFJ,ICOM Incorporated,Original Equipment,05/09/1988
AFJ9XUIC-U2,AFJ,ICOM Incorporated,Original Equipment,05/23/1986
AFJ9XUIC-U200,AFJ,ICOM Incorporated,Original Equipment,10/27/1986
AFJ9XUIC-U400,AFJ,ICOM Incorporated,Original Equipment,08/21/1985
AFJ9XUIC-U400C,AFJ,ICOM Incorporated,Original Equipment,09/01/1988
AFJ9XUIC-V100,AFJ,ICOM Incorporated,Original Equipment,12/11/1985
AFJ9XUIC-V200,AFJ,ICOM Incorporated,Original Equipment,10/22/1987
AFJ9XUIC900AUX29A,AFJ,ICOM Incorporated,Original Equipment,05/14/1987
AFJ9XUIC900AUX29H,AFJ,ICOM Incorporated,Original Equipment,08/19/1987
AFJ9XUIC900AUX39A,AFJ,ICOM Incorporated,Original Equipment,05/14/1987
AFJ9XUIC900AUX49A,AFJ,ICOM Incorporated,Original Equipment,05/14/1987
AFJ9XUIC900AUX59A,AFJ,ICOM Incorporated,Original Equipment,05/14/1987
AFJ9XUICM700,AFJ,ICOM Incorporated,Original Equipment,05/04/1984
AFJ9XUMICRO2A,AFJ,ICOM Incorporated,Original Equipment,10/10/1986
AFJ9XUMICRO2AT,AFJ,ICOM Incorporated,Original Equipment,11/12/1986
AFJ9XUMICRO4A,AFJ,ICOM Incorporated,Original Equipment,01/07/1987
AFJ9XUMICRO4AT,AFJ,ICOM Incorporated,Original Equipment,01/13/1987
AFJAP-12,AFJ,ICOM Incorporated,Original Equipment,04/24/2002
AFJAP-3,AFJ,ICOM Incorporated,Original Equipment,12/29/2000
AFJEX-2006,AFJ,ICOM Incorporated,Original Equipment,08/03/1998
AFJGM-110DSC,AFJ,ICOM Incorporated,Original Equipment,05/30/1996
AFJIC-2000H,AFJ,ICOM Incorporated,Original Equipment,02/07/1995
AFJIC-207H,AFJ,ICOM Incorporated,Class II Permissive Change,01/13/2000
AFJIC-207H,AFJ,ICOM Incorporated,Original Equipment,03/19/1997
AFJIC-2100H,AFJ,ICOM Incorporated,Class II Permissive Change,12/13/1999
AFJIC-2100H,AFJ,ICOM Incorporated,Original Equipment,02/18/1998
AFJIC-229A,AFJ,ICOM Incorporated,Original Equipment,04/26/1990
AFJIC-229H,AFJ,ICOM Incorporated,Original Equipment,05/01/1990
AFJIC-2330A,AFJ,ICOM Incorporated,Original Equipment,08/05/1992
AFJIC-2340H,AFJ,ICOM Incorporated,Original Equipment,03/16/1994
AFJIC-2350H,AFJ,ICOM Incorporated,Original Equipment,08/28/1995
AFJIC-2410A,AFJ,ICOM Incorporated,Original Equipment,07/31/1991
AFJIC-2410H,AFJ,ICOM Incorporated,Original Equipment,07/31/1991
AFJIC-24AT,AFJ,ICOM Incorporated,Original Equipment,01/11/1990
AFJIC-2700H,AFJ,ICOM Incorporated,Original Equipment,03/15/1994
AFJIC-2710H,AFJ,ICOM Incorporated,Original Equipment,02/28/1996
AFJIC-2720H,AFJ,ICOM Incorporated,Original Equipment,10/29/2002
AFJIC-2800H,AFJ,ICOM Incorporated,Class II Permissive Change,02/03/2000
AFJIC-2800H,AFJ,ICOM Incorporated,Original Equipment,04/05/1999
AFJIC-281H,AFJ,ICOM Incorporated,Original Equipment,02/28/1994
AFJIC-2GXA,AFJ,ICOM Incorporated,Original Equipment,11/03/1993
AFJIC-2GXAT,AFJ,ICOM Incorporated,Class II Permissive Change,02/11/2000
AFJIC-2GXAT,AFJ,ICOM Incorporated,Original Equipment,11/04/1993
AFJIC-2IA,AFJ,ICOM Incorporated,Original Equipment,09/25/1992
AFJIC-2SRA,AFJ,ICOM Incorporated,Original Equipment,02/28/1992
AFJIC-3220A,AFJ,ICOM Incorporated,Original Equipment,05/04/1990
AFJIC-3220H,AFJ,ICOM Incorporated,Original Equipment,04/26/1990
AFJIC-3230A,AFJ,ICOM Incorporated,Original Equipment,06/17/1992
AFJIC-3230H,AFJ,ICOM Incorporated,Original Equipment,06/17/1992
AFJIC-4008A,AFJ,ICOM Incorporated,Original Equipment,03/02/1998
AFJIC-449A,AFJ,ICOM Incorporated,Original Equipment,04/26/1990
AFJIC-481H,AFJ,ICOM Incorporated,Original Equipment,12/05/1994
AFJIC-4GXAT,AFJ,ICOM Incorporated,Original Equipment,03/16/1994
AFJIC-4IA,AFJ,ICOM Incorporated,Original Equipment,09/24/1992
AFJIC-4SRA,AFJ,ICOM Incorporated,Original Equipment,02/28/1992
AFJIC-703,AFJ,ICOM Incorporated,Original Equipment,03/18/2003
AFJIC-706,AFJ,ICOM Incorporated,Original Equipment,09/20/1995
AFJIC-706MK2,AFJ,ICOM Incorporated,Original Equipment,05/14/1997
AFJIC-706MK2G,AFJ,ICOM Incorporated,Class II Permissive Change,02/11/2000
AFJIC-706MK2G,AFJ,ICOM Incorporated,Original Equipment,03/12/1999
AFJIC-729,AFJ,ICOM Incorporated,Original Equipment,05/26/1992
AFJIC-736,AFJ,ICOM Incorporated,Original Equipment,01/06/1994
AFJIC-746,AFJ,ICOM Incorporated,Class II Permissive Change,02/11/2000
AFJIC-746,AFJ,ICOM Incorporated,Original Equipment,03/11/1998
AFJIC-746PRO,AFJ,ICOM Incorporated,Original Equipment,12/15/2001
AFJIC-756,AFJ,ICOM Incorporated,Original Equipment,01/15/1997
AFJIC-756PRO,AFJ,ICOM Incorporated,Original Equipment,12/23/1999
AFJIC-756PRO2,AFJ,ICOM Incorporated,Original Equipment,09/14/2001
AFJIC-820H,AFJ,ICOM Incorporated,Original Equipment,03/15/1994
AFJIC-821HA,AFJ,ICOM Incorporated,Original Equipment,07/29/1996
AFJIC-901A,AFJ,ICOM Incorporated,Original Equipment,01/11/1990
AFJIC-910H,AFJ,ICOM Incorporated,Original Equipment,12/26/2000
AFJIC-A110,AFJ,ICOM Incorporated,Class II Permissive Change,02/23/2011
AFJIC-A110,AFJ,ICOM Incorporated,Class II Permissive Change,06/03/2006
AFJIC-A110,AFJ,ICOM Incorporated,Original Equipment,03/30/2000
AFJIC-A200,AFJ,ICOM Incorporated,Original Equipment,02/14/1992
AFJIC-A21,AFJ,ICOM Incorporated,Original Equipment,05/06/1991
AFJIC-A22,AFJ,ICOM Incorporated,Original Equipment,11/29/1994
AFJIC-A23,AFJ,ICOM Incorporated,Original Equipment,07/25/2000
AFJIC-A3,AFJ,ICOM Incorporated,Original Equipment,11/02/1994
AFJIC-A4,AFJ,ICOM Incorporated,Original Equipment,02/09/1998
AFJIC-A5,AFJ,ICOM Incorporated,Original Equipment,07/25/2000
AFJIC-DELTA100A,AFJ,ICOM Incorporated,Original Equipment,09/13/1993
AFJIC-DELTA100H,AFJ,ICOM Incorporated,Original Equipment,11/16/1993
AFJIC-DELTA1A,AFJ,ICOM Incorporated,Original Equipment,07/24/1992
AFJIC-F10-1,AFJ,ICOM Incorporated,Original Equipment,09/28/1994
AFJIC-F10-2,AFJ,ICOM Incorporated,Original Equipment,09/15/1994
AFJIC-F1020-1,AFJ,ICOM Incorporated,Original Equipment,11/30/1995
AFJIC-F1020-2,AFJ,ICOM Incorporated,Original Equipment,11/30/1995
AFJIC-F1020WN-2,AFJ,ICOM Incorporated,Original Equipment,12/10/1996
AFJIC-F11,AFJ,ICOM Incorporated,Original Equipment,10/12/2001
AFJIC-F121S,AFJ,ICOM Incorporated,Original Equipment,12/04/2002
AFJIC-F20-2,AFJ,ICOM Incorporated,Original Equipment,12/30/1994
AFJIC-F20-3,AFJ,ICOM Incorporated,Original Equipment,12/30/1994
AFJIC-F20-4,AFJ,ICOM Incorporated,Original Equipment,12/30/1994
AFJIC-F2020-1,AFJ,ICOM Incorporated,Original Equipment,01/23/1996
AFJIC-F2020-2,AFJ,ICOM Incorporated,Original Equipment,01/22/1996
AFJIC-F2020-3,AFJ,ICOM Incorporated,Original Equipment,01/23/1996
AFJIC-F2020-4,AFJ,ICOM Incorporated,Original Equipment,01/23/1996
AFJIC-F2020WN-2,AFJ,ICOM Incorporated,Original Equipment,01/23/1997
AFJIC-F2020WN-3,AFJ,ICOM Incorporated,Original Equipment,02/14/1997
AFJIC-F21,AFJ,ICOM Incorporated,Original Equipment,08/23/2001
AFJIC-F21-1,AFJ,ICOM Incorporated,Original Equipment,02/20/2002
AFJIC-F221S,AFJ,ICOM Incorporated,Original Equipment,01/14/2003
AFJIC-F3-2,AFJ,ICOM Incorporated,Original Equipment,12/02/1996
AFJIC-F3-3,AFJ,ICOM Incorporated,Original Equipment,10/22/1997
AFJIC-F3-4,AFJ,ICOM Incorporated,Original Equipment,01/07/1997
AFJIC-F30-2,AFJ,ICOM Incorporated,Original Equipment,06/01/1994
AFJIC-F30G,AFJ,ICOM Incorporated,Original Equipment,02/05/2001
AFJIC-F30LT-1,AFJ,ICOM Incorporated,Original Equipment,09/13/1994
AFJIC-F30LT-2,AFJ,ICOM Incorporated,Original Equipment,06/01/1994
AFJIC-F30LTWN-2,AFJ,ICOM Incorporated,Original Equipment,01/30/1997
AFJIC-F320WN-5,AFJ,ICOM Incorporated,Original Equipment,12/18/1997
AFJIC-F320WN-6,AFJ,ICOM Incorporated,Original Equipment,10/06/1997
AFJIC-F3G-1,AFJ,ICOM Incorporated,Original Equipment,03/08/2000
AFJIC-F3G-2,AFJ,ICOM Incorporated,Class II Permissive Change,07/27/2001
AFJIC-F3G-2,AFJ,ICOM Incorporated,Original Equipment,02/18/2000
AFJIC-F4-1,AFJ,ICOM Incorporated,Original Equipment,10/06/1997
AFJIC-F4-2,AFJ,ICOM Incorporated,Original Equipment,10/21/1997
AFJIC-F4-3,AFJ,ICOM Incorporated,Original Equipment,03/20/1997
AFJIC-F4-4,AFJ,ICOM Incorporated,Original Equipment,03/10/1997
AFJIC-F4-5,AFJ,ICOM Incorporated,Original Equipment,04/20/1998
AFJIC-F4-6,AFJ,ICOM Incorporated,Original Equipment,04/06/1998
AFJIC-F40G-1,AFJ,ICOM Incorporated,Original Equipment,02/05/2001
AFJIC-F40G-2,AFJ,ICOM Incorporated,Original Equipment,02/05/2001
AFJIC-F40G-3,AFJ,ICOM Incorporated,Original Equipment,02/13/2001
AFJIC-F40LT-1,AFJ,ICOM Incorporated,Original Equipment,11/18/1994
AFJIC-F40LT-2,AFJ,ICOM Incorporated,Original Equipment,08/08/1994
AFJIC-F40LT-3,AFJ,ICOM Incorporated,Original Equipment,01/23/1995
AFJIC-F40LTWN-1,AFJ,ICOM Incorporated,Original Equipment,04/03/1997
AFJIC-F40LTWN-2,AFJ,ICOM Incorporated,Original Equipment,02/10/1997
AFJIC-F40LTWN-3,AFJ,ICOM Incorporated,Original Equipment,12/02/1996
AFJIC-F420WN-10,AFJ,ICOM Incorporated,Original Equipment,12/18/1997
AFJIC-F420WN-11,AFJ,ICOM Incorporated,Original Equipment,03/05/1998
AFJIC-F420WN-12,AFJ,ICOM Incorporated,Class II Permissive Change,07/28/1998
AFJIC-F420WN-12,AFJ,ICOM Incorporated,Original Equipment,05/14/1998
AFJIC-F420WN-9,AFJ,ICOM Incorporated,Original Equipment,04/20/1998
AFJIC-F4G-1,AFJ,ICOM Incorporated,Original Equipment,02/05/2001
AFJIC-F4G-2,AFJ,ICOM Incorporated,Class II Permissive Change,07/25/2001
AFJIC-F4G-2,AFJ,ICOM Incorporated,Original Equipment,04/18/2000
AFJIC-F4G-3,AFJ,ICOM Incorporated,Original Equipment,02/05/2001
AFJIC-F4G-4,AFJ,ICOM Incorporated,Original Equipment,04/18/2001
AFJIC-F4TR-1,AFJ,ICOM Incorporated,Original Equipment,03/06/2000
AFJIC-F4TR-2,AFJ,ICOM Incorporated,Original Equipment,05/03/2000
AFJIC-F4TR-3,AFJ,ICOM Incorporated,Original Equipment,05/03/2000
AFJIC-F520,AFJ,ICOM Incorporated,Original Equipment,03/20/2002
AFJIC-F521,AFJ,ICOM Incorporated,Original Equipment,08/13/2002
AFJIC-F620-1,AFJ,ICOM Incorporated,Original Equipment,06/11/2002
AFJIC-F620-2,AFJ,ICOM Incorporated,Original Equipment,03/08/2002
AFJIC-F621-2,AFJ,ICOM Incorporated,Original Equipment,05/09/2002
AFJIC-GM1500,AFJ,ICOM Incorporated,Original Equipment,08/11/1994
AFJIC-H19,AFJ,ICOM Incorporated,Original Equipment,10/29/1990
AFJIC-H28-1,AFJ,ICOM Incorporated,Original Equipment,10/29/1992
AFJIC-H28-2,AFJ,ICOM Incorporated,Original Equipment,10/29/1992
AFJIC-M1,AFJ,ICOM Incorporated,Original Equipment,01/19/1996
AFJIC-M10A,AFJ,ICOM Incorporated,Original Equipment,11/02/1994
AFJIC-M125,AFJ,ICOM Incorporated,Original Equipment,04/22/1992
AFJIC-M125,AFJ,ICOM Incorporated,Original Equipment,04/24/1992
AFJIC-M126DSC,AFJ,ICOM Incorporated,Original Equipment,02/23/1994
AFJIC-M127,AFJ,ICOM Incorporated,Original Equipment,11/18/1996
AFJIC-M15,AFJ,ICOM Incorporated,Original Equipment,11/15/1993
AFJIC-M1V,AFJ,ICOM Incorporated,Original Equipment,02/22/2000
AFJIC-M2A,AFJ,ICOM Incorporated,Original Equipment,03/08/2002
AFJIC-M3A,AFJ,ICOM Incorporated,Original Equipment,01/20/1998
AFJIC-M402,AFJ,ICOM Incorporated,Original Equipment,03/20/2001
AFJIC-M45,AFJ,ICOM Incorporated,Original Equipment,12/19/1997
AFJIC-M45A,AFJ,ICOM Incorporated,Original Equipment,08/11/1999
AFJIC-M502,AFJ,ICOM Incorporated,Original Equipment,07/17/2000
AFJIC-M57,AFJ,ICOM Incorporated,Original Equipment,01/24/1992
AFJIC-M58,AFJ,ICOM Incorporated,Original Equipment,08/24/1994
AFJIC-M59,AFJ,ICOM Incorporated,Original Equipment,05/06/1996
AFJIC-M600,AFJ,ICOM Incorporated,Original Equipment,09/05/1991
AFJIC-M602,AFJ,ICOM Incorporated,Class II Permissive Change,08/09/2006
AFJIC-M602,AFJ,ICOM Incorporated,Original Equipment,01/07/2003
AFJIC-M7,AFJ,ICOM Incorporated,Original Equipment,01/11/1990
AFJIC-M710-1,AFJ,ICOM Incorporated,Original Equipment,01/17/1996
AFJIC-M710-2,AFJ,ICOM Incorporated,Original Equipment,01/17/1996
AFJIC-M710-3,AFJ,ICOM Incorporated,Original Equipment,05/30/1996
AFJIC-M710RT-1,AFJ,ICOM Incorporated,Original Equipment,10/13/1998
AFJIC-M802,AFJ,ICOM Incorporated,Original Equipment,07/24/2002
AFJIC-M810,AFJ,ICOM Incorporated,Original Equipment,11/16/1992
AFJIC-M88,AFJ,ICOM Incorporated,Original Equipment,12/23/2002
AFJIC-M9,AFJ,ICOM Incorporated,Original Equipment,08/10/1993
AFJIC-P2AT,AFJ,ICOM Incorporated,Original Equipment,03/05/1992
AFJIC-P3AT,AFJ,ICOM Incorporated,Original Equipment,06/17/1992
AFJIC-P4AT,AFJ,ICOM Incorporated,Original Equipment,02/14/1992
AFJIC-PCR100,AFJ,ICOM Incorporated,Class II Permissive Change,01/19/2000
AFJIC-PCR100,AFJ,ICOM Incorporated,Original Equipment,10/16/1998
AFJIC-PCR1000,AFJ,ICOM Incorporated,Original Equipment,09/22/1997
AFJIC-PW1,AFJ,ICOM Incorporated,Original Equipment,03/17/1998
AFJIC-Q7A,AFJ,ICOM Incorporated,Original Equipment,06/10/1998
AFJIC-R1,AFJ,ICOM Incorporated,Original Equipment,01/11/1990
AFJIC-R10,AFJ,ICOM Incorporated,Class II Permissive Change,02/04/2000
AFJIC-R10,AFJ,ICOM Incorporated,Original Equipment,02/11/1997
AFJIC-R100,AFJ,ICOM Incorporated,Original Equipment,05/04/1990
AFJIC-R2,AFJ,ICOM Incorporated,Class II Permissive Change,06/21/2000
AFJIC-R2,AFJ,ICOM Incorporated,Original Equipment,11/24/1998
AFJIC-R3,AFJ,ICOM Incorporated,Original Equipment,09/26/2000
AFJIC-R5,AFJ,ICOM Incorporated,Original Equipment,01/21/2003
AFJIC-R7100,AFJ,ICOM Incorporated,Original Equipment,04/20/1992
AFJIC-R75,AFJ,ICOM Incorporated,Class II Permissive Change,05/12/2000
AFJIC-R75,AFJ,ICOM Incorporated,Class II Permissive Change,07/28/2009
AFJIC-R75,AFJ,ICOM Incorporated,Class II Permissive Change,10/16/2006
AFJIC-R75,AFJ,ICOM Incorporated,Original Equipment,04/09/1999
AFJIC-R8500,AFJ,ICOM Incorporated,Class II Permissive Change,02/23/2000
AFJIC-R8500,AFJ,ICOM Incorporated,Original Equipment,09/26/1996
AFJIC-RP1620A,AFJ,ICOM Incorporated,Original Equipment,04/06/1993
AFJIC-RP4020,AFJ,ICOM Incorporated,Original Equipment,11/15/1989
AFJIC-RP4520A,AFJ,ICOM Incorporated,Original Equipment,08/07/1991
AFJIC-S21A,AFJ,ICOM Incorporated,Original Equipment,11/10/1993
AFJIC-S41A,AFJ,ICOM Incorporated,Original Equipment,11/12/1993
AFJIC-T21A,AFJ,ICOM Incorporated,Original Equipment,11/10/1993
AFJIC-T22A,AFJ,ICOM Incorporated,Class II Permissive Change,07/07/2000
AFJIC-T22A,AFJ,ICOM Incorporated,Original Equipment,05/23/1995
AFJIC-T2A,AFJ,ICOM Incorporated,Original Equipment,02/19/1997
AFJIC-T2H,AFJ,ICOM Incorporated,Class II Permissive Change,02/11/2000
AFJIC-T2H,AFJ,ICOM Incorporated,Original Equipment,09/16/1998
AFJIC-T41A,AFJ,ICOM Incorporated,Original Equipment,11/12/1993
AFJIC-T42A,AFJ,ICOM Incorporated,Original Equipment,05/23/1995
AFJIC-T7A,AFJ,ICOM Incorporated,Original Equipment,02/14/1996
AFJIC-T7H,AFJ,ICOM Incorporated,Class II Permissive Change,02/11/2000
AFJIC-T7H,AFJ,ICOM Incorporated,Original Equipment,01/15/1999
AFJIC-T81A,AFJ,ICOM Incorporated,Class II Permissive Change,02/23/2000
AFJIC-T81A,AFJ,ICOM Incorporated,Original Equipment,03/29/1999
AFJIC-T8A,AFJ,ICOM Incorporated,Original Equipment,12/19/1997
AFJIC-T90A,AFJ,ICOM Incorporated,Original Equipment,07/21/2002
AFJIC-U10,AFJ,ICOM Incorporated,Original Equipment,09/25/1989
AFJIC-U220-1,AFJ,ICOM Incorporated,Original Equipment,02/04/1992
AFJIC-U220-2,AFJ,ICOM Incorporated,Original Equipment,02/04/1992
AFJIC-U220-3,AFJ,ICOM Incorporated,Original Equipment,02/04/1992
AFJIC-U220-4,AFJ,ICOM Incorporated,Original Equipment,02/04/1992
AFJIC-U220-5,AFJ,ICOM Incorporated,Original Equipment,02/04/1992
AFJIC-U28-1,AFJ,ICOM Incorporated,Original Equipment,02/19/1992
AFJIC-U28-2,AFJ,ICOM Incorporated,Original Equipment,02/19/1992
AFJIC-U28-3,AFJ,ICOM Incorporated,Original Equipment,10/19/1992
AFJIC-U28-4,AFJ,ICOM Incorporated,Original Equipment,10/19/1992
AFJIC-U28-5,AFJ,ICOM Incorporated,Original Equipment,10/19/1992
AFJIC-U28-6,AFJ,ICOM Incorporated,Original Equipment,10/19/1992
AFJIC-U8,AFJ,ICOM Incorporated,Original Equipment,04/23/1990
AFJIC-U810T,AFJ,ICOM Incorporated,Original Equipment,08/07/1992
AFJIC-U81T,AFJ,ICOM Incorporated,Original Equipment,10/19/1992
AFJIC-UR8050,AFJ,ICOM Incorporated,Original Equipment,08/04/1999
AFJIC-V21AT,AFJ,ICOM Incorporated,Original Equipment,11/16/1993
AFJIC-V220,AFJ,ICOM Incorporated,Original Equipment,02/04/1992
AFJIC-V8,AFJ,ICOM Incorporated,Original Equipment,05/29/2001
AFJIC-V8000,AFJ,ICOM Incorporated,Original Equipment,12/27/2001
AFJIC-W21A,AFJ,ICOM Incorporated,Original Equipment,10/09/1992
AFJIC-W21AT,AFJ,ICOM Incorporated,Original Equipment,12/29/1992
AFJIC-W2A,AFJ,ICOM Incorporated,Original Equipment,03/28/1991
AFJIC-W31A,AFJ,ICOM Incorporated,Class II Permissive Change,08/04/1995
AFJIC-W32A,AFJ,ICOM Incorporated,Class II Permissive Change,02/11/2000
AFJIC-W32A,AFJ,ICOM Incorporated,Original Equipment,07/15/1996
AFJIC-X21AT,AFJ,ICOM Incorporated,Original Equipment,05/24/1993
AFJIC-X2A,AFJ,ICOM Incorporated,Original Equipment,07/15/1992
AFJIC-Z1A,AFJ,ICOM Incorporated,Class II Permissive Change,08/21/1995
AFJMR-40,AFJ,ICOM Incorporated,Original Equipment,10/01/1990
AFJMR-570R,AFJ,ICOM Incorporated,Original Equipment,07/06/2001
AFJMR-61,AFJ,ICOM Incorporated,Original Equipment,01/13/1993
AFJMR-610,AFJ,ICOM Incorporated,Original Equipment,09/17/1992
AFJSB-110,AFJ,ICOM Incorporated,Original Equipment,01/25/2002
AFJSL-1105,AFJ,ICOM Incorporated,Original Equipment,12/20/2000
AFJUX-S92A,AFJ,ICOM Incorporated,Original Equipment,01/11/1990
ALH21893110,ALH,Kenwood USA Corporation,Original Equipment,03/17/1998
ALH219000,ALH,Kenwood USA Corporation,Original Equipment,08/04/2009
ALH21903110,ALH,Kenwood USA Corporation,Original Equipment,03/17/1998
ALH21903120,ALH,Kenwood USA Corporation,Original Equipment,08/14/1998
ALH21903130,ALH,Kenwood USA Corporation,Original Equipment,09/10/1998
ALH22892130,ALH,Kenwood USA Corporation,Original Equipment,03/30/1998
ALH22923110,ALH,Kenwood USA Corporation,Original Equipment,03/22/1999
ALH22923120,ALH,Kenwood USA Corporation,Original Equipment,04/08/1999
ALH22923130,ALH,Kenwood USA Corporation,Class II Permissive Change,08/21/2008
ALH22923130,ALH,Kenwood USA Corporation,Class II Permissive Change,09/18/2006
ALH22923130,ALH,Kenwood USA Corporation,Original Equipment,03/24/1999
ALH22933110,ALH,Kenwood USA Corporation,Original Equipment,12/09/1998
ALH22933120,ALH,Kenwood USA Corporation,Original Equipment,03/24/1999
ALH22933210,ALH,Kenwood USA Corporation,Original Equipment,11/04/1998
ALH22943110,ALH,Kenwood USA Corporation,Original Equipment,11/06/1998
ALH22943120,ALH,Kenwood USA Corporation,Original Equipment,03/25/1999
ALH22943130,ALH,Kenwood USA Corporation,Original Equipment,03/23/1999
ALH22943210,ALH,Kenwood USA Corporation,Original Equipment,12/08/1998
ALH22961110,ALH,Kenwood USA Corporation,Class II Permissive Change,01/27/1999
ALH22961110,ALH,Kenwood USA Corporation,Class II Permissive Change,11/16/2005
ALH22961110,ALH,Kenwood USA Corporation,Original Equipment,08/25/1997
ALH229900,ALH,Kenwood USA Corporation,Original Equipment,01/27/2010
ALH22992110,ALH,Kenwood USA Corporation,Original Equipment,08/25/1997
ALH23362130,ALH,Kenwood USA Corporation,Original Equipment,02/23/1998
ALH24563110,ALH,Kenwood USA Corporation,Class II Permissive Change,01/11/2000
ALH24563110,ALH,Kenwood USA Corporation,Class II Permissive Change,11/16/2005
ALH24563110,ALH,Kenwood USA Corporation,Original Equipment,08/10/1999
ALH245700,ALH,Kenwood USA Corporation,Original Equipment,06/30/2009
ALH24572110,ALH,Kenwood USA Corporation,Class II Permissive Change,01/11/2000
ALH24572110,ALH,Kenwood USA Corporation,Original Equipment,11/22/1999
ALH24583110,ALH,Kenwood USA Corporation,Original Equipment,03/05/1999
ALH24583120,ALH,Kenwood USA Corporation,Original Equipment,06/03/1999
ALH24583210,ALH,Kenwood USA Corporation,Original Equipment,09/20/1999
ALH24583220,ALH,Kenwood USA Corporation,Class II Permissive Change,02/28/2000
ALH24583220,ALH,Kenwood USA Corporation,Original Equipment,10/12/1999
ALH24593110,ALH,Kenwood USA Corporation,Original Equipment,02/17/1999
ALH24593120,ALH,Kenwood USA Corporation,Original Equipment,03/05/1999
ALH24593130,ALH,Kenwood USA Corporation,Original Equipment,03/24/1999
ALH24593210,ALH,Kenwood USA Corporation,Original Equipment,08/26/1999
ALH24593220,ALH,Kenwood USA Corporation,Class II Permissive Change,01/11/2000
ALH24593220,ALH,Kenwood USA Corporation,Original Equipment,10/13/1999
ALH24593230,ALH,Kenwood USA Corporation,Class II Permissive Change,02/29/2000
ALH24593230,ALH,Kenwood USA Corporation,Original Equipment,10/13/1999
ALH24613110,ALH,Kenwood USA Corporation,Original Equipment,02/23/1999
ALH24613120,ALH,Kenwood USA Corporation,Original Equipment,05/26/1999
ALH24623110,ALH,Kenwood USA Corporation,Original Equipment,02/16/1999
ALH24623120,ALH,Kenwood USA Corporation,Original Equipment,04/15/1999
ALH24623130,ALH,Kenwood USA Corporation,Original Equipment,04/15/1999
ALH24673110,ALH,Kenwood USA Corporation,Class II Permissive Change,02/03/2000
ALH24673110,ALH,Kenwood USA Corporation,Original Equipment,01/20/1999
ALH26532110,ALH,Kenwood USA Corporation,Original Equipment,04/26/1999
ALH27293110,ALH,Kenwood USA Corporation,Original Equipment,11/09/1998
ALH27303110,ALH,Kenwood USA Corporation,Original Equipment,12/04/1998
ALH29351110,ALH,Kenwood USA Corporation,Class II Permissive Change,03/04/2009
ALH29351110,ALH,Kenwood USA Corporation,Class II Permissive Change,04/20/2000
ALH29351110,ALH,Kenwood USA Corporation,Original Equipment,03/27/2000
ALH29351120,ALH,Kenwood USA Corporation,Class II Permissive Change,02/19/2009
ALH29351120,ALH,Kenwood USA Corporation,Class II Permissive Change,04/20/2000
ALH29351120,ALH,Kenwood USA Corporation,Original Equipment,03/23/2000
ALH29373110,ALH,Kenwood USA Corporation,Original Equipment,10/26/1999
ALH29373120,ALH,Kenwood USA Corporation,Original Equipment,02/14/2000
ALH29373210,ALH,Kenwood USA Corporation,Original Equipment,12/11/2000
ALH29373220,ALH,Kenwood USA Corporation,Original Equipment,02/16/2001
ALH29383110,ALH,Kenwood USA Corporation,Original Equipment,10/14/1999
ALH29383120,ALH,Kenwood USA Corporation,Original Equipment,04/12/2000
ALH29383130,ALH,Kenwood USA Corporation,Original Equipment,07/20/2000
ALH29383210,ALH,Kenwood USA Corporation,Original Equipment,12/11/2000
ALH29383220,ALH,Kenwood USA Corporation,Original Equipment,02/16/2001
ALH29383230,ALH,Kenwood USA Corporation,Original Equipment,02/09/2001
ALH29432110,ALH,Kenwood USA Corporation,Original Equipment,06/02/2000
ALH29463110,ALH,Kenwood USA Corporation,Original Equipment,10/25/1999
ALH29463120,ALH,Kenwood USA Corporation,Original Equipment,03/01/2000
ALH29473110,ALH,Kenwood USA Corporation,Original Equipment,10/26/1999
ALH29473120,ALH,Kenwood USA Corporation,Original Equipment,02/20/2001
ALH29473130,ALH,Kenwood USA Corporation,Original Equipment,03/24/2000
ALH29473140,ALH,Kenwood USA Corporation,Original Equipment,02/18/2000
ALH29492110,ALH,Kenwood USA Corporation,Original Equipment,05/24/2000
ALH29521110,ALH,Kenwood USA Corporation,Original Equipment,02/17/2000
ALH29521120,ALH,Kenwood USA Corporation,Original Equipment,02/28/2000
ALH30633110,ALH,Kenwood USA Corporation,Class II Permissive Change,09/16/2002
ALH30633110,ALH,Kenwood USA Corporation,Original Equipment,01/27/2000
ALH30633120,ALH,Kenwood USA Corporation,Class II Permissive Change,08/27/2002
ALH30633120,ALH,Kenwood USA Corporation,Original Equipment,02/11/2000
ALH30633130,ALH,Kenwood USA Corporation,Class II Permissive Change,08/28/2002
ALH30633130,ALH,Kenwood USA Corporation,Original Equipment,01/27/2000
ALH30643110,ALH,Kenwood USA Corporation,Class II Permissive Change,08/07/2002
ALH30643110,ALH,Kenwood USA Corporation,Original Equipment,11/16/1999
ALH30643120,ALH,Kenwood USA Corporation,Class II Permissive Change,08/07/2002
ALH30643120,ALH,Kenwood USA Corporation,Original Equipment,01/13/2000
ALH30643130,ALH,Kenwood USA Corporation,Class II Permissive Change,08/09/2002
ALH30643130,ALH,Kenwood USA Corporation,Original Equipment,12/27/1999
ALH30913110,ALH,Kenwood USA Corporation,Class II Permissive Change,08/21/2008
ALH30913110,ALH,Kenwood USA Corporation,Original Equipment,08/26/1999
ALH30913120,ALH,Kenwood USA Corporation,Original Equipment,02/01/2000
ALH30923110,ALH,Kenwood USA Corporation,Class II Permissive Change,01/20/2009
ALH30923110,ALH,Kenwood USA Corporation,Original Equipment,09/20/1999
ALH30923120,ALH,Kenwood USA Corporation,Class II Permissive Change,10/03/2008
ALH30923120,ALH,Kenwood USA Corporation,Original Equipment,11/25/2008
ALH30923130,ALH,Kenwood USA Corporation,Original Equipment,02/17/2000
ALH30923140,ALH,Kenwood USA Corporation,Original Equipment,01/28/2000
ALH31103110,ALH,Kenwood USA Corporation,Original Equipment,03/06/2001
ALH31103120,ALH,Kenwood USA Corporation,Class II Permissive Change,11/24/2004
ALH31103120,ALH,Kenwood USA Corporation,Original Equipment,11/07/2000
ALH31113110,ALH,Kenwood USA Corporation,Original Equipment,02/21/2001
ALH31113120,ALH,Kenwood USA Corporation,Class II Permissive Change,10/06/2004
ALH31113120,ALH,Kenwood USA Corporation,Original Equipment,11/07/2000
ALH31113130,ALH,Kenwood USA Corporation,Original Equipment,05/04/2001
ALH31241110,ALH,Kenwood USA Corporation,Original Equipment,09/10/2001
ALH31251110,ALH,Kenwood USA Corporation,Original Equipment,09/26/2003
ALH32253110,ALH,Kenwood USA Corporation,Original Equipment,11/20/2001
ALH322601,ALH,Kenwood USA Corporation,Original Equipment,08/05/2009
ALH322602,ALH,Kenwood USA Corporation,Original Equipment,06/26/2009
ALH32263110,ALH,Kenwood USA Corporation,Original Equipment,10/30/2001
ALH32263120,ALH,Kenwood USA Corporation,Original Equipment,02/15/2002
ALH32263130,ALH,Kenwood USA Corporation,Original Equipment,03/14/2002
ALH32273110,ALH,Kenwood USA Corporation,Original Equipment,06/27/2002
ALH32283110,ALH,Kenwood USA Corporation,Original Equipment,07/17/2002
ALH32933210,ALH,Kenwood USA Corporation,Original Equipment,11/14/2001
ALH32933220,ALH,Kenwood USA Corporation,Original Equipment,02/21/2002
ALH32943210,ALH,Kenwood USA Corporation,Original Equipment,11/19/2001
ALH32943220,ALH,Kenwood USA Corporation,Original Equipment,02/20/2002
ALH32943230,ALH,Kenwood USA Corporation,Original Equipment,03/13/2002
ALH33063110,ALH,Kenwood USA Corporation,Original Equipment,06/04/2002
ALH33293110,ALH,Kenwood USA Corporation,Original Equipment,01/07/2002
ALH34703110,ALH,Kenwood USA Corporation,Original Equipment,02/18/2005
ALH34713110,ALH,Kenwood USA Corporation,Original Equipment,11/29/2004
ALH34713130,ALH,Kenwood USA Corporation,Original Equipment,11/12/2004
ALH35573110,ALH,Kenwood USA Corporation,Original Equipment,02/02/2004
ALH35583110,ALH,Kenwood USA Corporation,Original Equipment,01/22/2004
ALH35733110,ALH,Kenwood USA Corporation,Class II Permissive Change,05/04/2005
ALH35733110,ALH,Kenwood USA Corporation,Original Equipment,05/28/2004
ALH36023110,ALH,Kenwood USA Corporation,Original Equipment,10/14/2003
ALH36033110,ALH,Kenwood USA Corporation,Original Equipment,10/14/2003
ALH36061110,ALH,Kenwood USA Corporation,Original Equipment,06/09/2003
ALH36413110,ALH,Kenwood USA Corporation,Original Equipment,08/21/2003
ALH36423110,ALH,Kenwood USA Corporation,Original Equipment,08/22/2003
ALH36423120,ALH,Kenwood USA Corporation,Original Equipment,10/27/2003
ALH36423130,ALH,Kenwood USA Corporation,Original Equipment,10/24/2003
ALH36913120,ALH,Kenwood USA Corporation,Original Equipment,04/28/2004
ALH36913210,ALH,Kenwood USA Corporation,Original Equipment,03/01/2004
ALH36923130,ALH,Kenwood USA Corporation,Class II Permissive Change,04/21/2006
ALH36923130,ALH,Kenwood USA Corporation,Original Equipment,06/03/2004
ALH36923210,ALH,Kenwood USA Corporation,Original Equipment,01/12/2004
ALH36923220,ALH,Kenwood USA Corporation,Original Equipment,01/12/2004
ALH36923230,ALH,Kenwood USA Corporation,Original Equipment,12/22/2005
ALH37164110,ALH,Kenwood USA Corporation,Original Equipment,01/20/2006
ALH37323110,ALH,Kenwood USA Corporation,Original Equipment,05/06/2004
ALH37333110,ALH,Kenwood USA Corporation,Class II Permissive Change,04/26/2005
ALH37333110,ALH,Kenwood USA Corporation,Original Equipment,05/17/2004
ALH37333120,ALH,Kenwood USA Corporation,Original Equipment,07/01/2004
ALH37683110,ALH,Kenwood USA Corporation,Original Equipment,02/08/2005
ALH37693110,ALH,Kenwood USA Corporation,Original Equipment,12/07/2004
ALH37693120,ALH,Kenwood USA Corporation,Original Equipment,11/29/2004
ALH378400,ALH,Kenwood USA Corporation,Class II Permissive Change,01/02/2014
ALH378400,ALH,Kenwood USA Corporation,Class II Permissive Change,08/08/2012
ALH378400,ALH,Kenwood USA Corporation,Original Equipment,07/18/2007
ALH378500,ALH,Kenwood USA Corporation,Class II Permissive Change,08/11/2008
ALH378500,ALH,Kenwood USA Corporation,Class II Permissive Change,12/31/2013
ALH378500,ALH,Kenwood USA Corporation,Original Equipment,06/26/2007
ALH378501,ALH,Kenwood USA Corporation,Class II Permissive Change,12/30/2013
ALH378501,ALH,Kenwood USA Corporation,Original Equipment,09/30/2008
ALH383200,ALH,Kenwood USA Corporation,Original Equipment,06/22/2007
ALH39913110,ALH,Kenwood USA Corporation,Original Equipment,11/13/2006
ALH39913120,ALH,Kenwood USA Corporation,Original Equipment,12/01/2006
ALH409000,ALH,Kenwood USA Corporation,Original Equipment,11/24/2010
ALH409001,ALH,Kenwood USA Corporation,Class II Permissive Change,02/19/2013
ALH409001,ALH,Kenwood USA Corporation,Original Equipment,11/21/2011
ALH413500,ALH,Kenwood USA Corporation,Original Equipment,11/05/2008
ALH413501,ALH,Kenwood USA Corporation,Original Equipment,07/23/2009
ALH413600,ALH,Kenwood USA Corporation,Original Equipment,08/21/2008
ALH413601,ALH,Kenwood USA Corporation,Original Equipment,11/17/2008
ALH413602,ALH,Kenwood USA Corporation,Original Equipment,11/19/2008
ALH413603,ALH,Kenwood USA Corporation,Original Equipment,08/05/2009
ALH413700,ALH,Kenwood USA Corporation,Class II Permissive Change,04/28/2014
ALH413700,ALH,Kenwood USA Corporation,Original Equipment,08/17/2010
ALH413800,ALH,Kenwood USA Corporation,Class II Permissive Change,04/23/2014
ALH413800,ALH,Kenwood USA Corporation,Original Equipment,12/02/2010
ALH413801,ALH,Kenwood USA Corporation,Class II Permissive Change,04/23/2014
ALH413801,ALH,Kenwood USA Corporation,Original Equipment,09/14/2010
ALH415000,ALH,Kenwood USA Corporation,Original Equipment,03/04/2010
ALH415100,ALH,Kenwood USA Corporation,Original Equipment,01/05/2010
ALH415101,ALH,Kenwood USA Corporation,Original Equipment,04/05/2010
ALH420700,ALH,Kenwood USA Corporation,Original Equipment,12/13/2009
ALH423500,ALH,Kenwood USA Corporation,Class II Permissive Change,01/03/2014
ALH423500,ALH,Kenwood USA Corporation,Class II Permissive Change,08/08/2012
ALH423500,ALH,Kenwood USA Corporation,Original Equipment,03/13/2009
ALH430900,ALH,Kenwood USA Corporation,Class II Permissive Change,02/23/2018
ALH430900,ALH,Kenwood USA Corporation,Class II Permissive Change,04/26/2014
ALH430900,ALH,Kenwood USA Corporation,Original Equipment,02/23/2011
ALH431000,ALH,Kenwood USA Corporation,Class II Permissive Change,02/20/2018
ALH431000,ALH,Kenwood USA Corporation,Class II Permissive Change,03/04/2013
ALH431000,ALH,Kenwood USA Corporation,Class II Permissive Change,04/02/2014
ALH431000,ALH,Kenwood USA Corporation,Class II Permissive Change,04/27/2011
ALH431000,ALH,Kenwood USA Corporation,Original Equipment,03/31/2011
ALH431001,ALH,Kenwood USA Corporation,Class II Permissive Change,02/20/2018
ALH431001,ALH,Kenwood USA Corporation,Class II Permissive Change,04/11/2014
ALH431001,ALH,Kenwood USA Corporation,Original Equipment,04/06/2011
ALH434900,ALH,Kenwood USA Corporation,Original Equipment,12/07/2012
ALH434901,ALH,Kenwood USA Corporation,Original Equipment,12/06/2012
ALH435000,ALH,Kenwood USA Corporation,Original Equipment,11/28/2012
ALH435001,ALH,Kenwood USA Corporation,Original Equipment,11/30/2012
ALH435002,ALH,Kenwood USA Corporation,Original Equipment,12/07/2012
ALH437200,ALH,Kenwood USA Corporation,Original Equipment,10/18/2010
ALH437300,ALH,Kenwood USA Corporation,Class II Permissive Change,01/28/2020
ALH437300,ALH,Kenwood USA Corporation,Original Equipment,12/06/2010
ALH437301,ALH,Kenwood USA Corporation,Original Equipment,11/09/2010
ALH442000,ALH,Kenwood USA Corporation,Class II Permissive Change,04/09/2025
ALH442000,ALH,Kenwood USA Corporation,Class II Permissive Change,07/27/2018
ALH442000,ALH,Kenwood USA Corporation,Class II Permissive Change,08/12/2016
ALH442000,ALH,Kenwood USA Corporation,Class II Permissive Change,08/28/2014
ALH442000,ALH,Kenwood USA Corporation,Original Equipment,07/07/2014
ALH442000,ALH,Kenwood USA Corporation,Original Equipment,08/10/2018
ALH443700,ALH,Kenwood USA Corporation,Class II Permissive Change,02/04/2014
ALH443700,ALH,Kenwood USA Corporation,Class II Permissive Change,02/23/2018
ALH443700,ALH,Kenwood USA Corporation,Class II Permissive Change,12/15/2014
ALH443700,ALH,Kenwood USA Corporation,Original Equipment,08/19/2013
ALH443800,ALH,Kenwood USA Corporation,Class II Permissive Change,02/04/2014
ALH443800,ALH,Kenwood USA Corporation,Class II Permissive Change,02/24/2018
ALH443800,ALH,Kenwood USA Corporation,Class II Permissive Change,12/11/2014
ALH443800,ALH,Kenwood USA Corporation,Original Equipment,08/08/2013
ALH443801,ALH,Kenwood USA Corporation,Class II Permissive Change,02/18/2015
ALH443801,ALH,Kenwood USA Corporation,Class II Permissive Change,02/24/2018
ALH443801,ALH,Kenwood USA Corporation,Class II Permissive Change,06/10/2014
ALH443801,ALH,Kenwood USA Corporation,Original Equipment,12/10/2013
ALH458200,ALH,Kenwood USA Corporation,Original Equipment,02/20/2013
ALH459700,ALH,Kenwood USA Corporation,Original Equipment,07/30/2013
ALH460300,ALH,Kenwood USA Corporation,Original Equipment,09/24/2013
ALH468800,ALH,Kenwood USA Corporation,Class II Permissive Change,12/23/2013
ALH468800,ALH,Kenwood USA Corporation,Original Equipment,10/23/2013
ALH9TKIF-10A,ALH,Kenwood USA Corporation,Original Equipment,02/04/1986
ALH9TKIF-10B,ALH,Kenwood USA Corporation,Original Equipment,02/04/1986
ALH9TKIF-232C,ALH,Kenwood USA Corporation,Original Equipment,04/01/1986
ALH9TKRZ-1,ALH,Kenwood USA Corporation,Original Equipment,06/15/1988
ALH9TKTH-205AT,ALH,Kenwood USA Corporation,Class II Permissive Change,12/03/1986
ALH9TKTH-215A,ALH,Kenwood USA Corporation,Original Equipment,12/08/1986
ALH9TKTH-21A,ALH,Kenwood USA Corporation,Original Equipment,08/31/1984
ALH9TKTH-21AT,ALH,Kenwood USA Corporation,Original Equipment,08/31/1984
ALH9TKTH-21BT,ALH,Kenwood USA Corporation,Original Equipment,08/13/1986
ALH9TKTH-25AT,ALH,Kenwood USA Corporation,Original Equipment,10/06/1987
ALH9TKTH-315A,ALH,Kenwood USA Corporation,Original Equipment,08/19/1987
ALH9TKTH-31A,ALH,Kenwood USA Corporation,Original Equipment,01/30/1985
ALH9TKTH-31AT,ALH,Kenwood USA Corporation,Original Equipment,01/30/1985
ALH9TKTH-31BT,ALH,Kenwood USA Corporation,Original Equipment,08/13/1986
ALH9TKTH-415A,ALH,Kenwood USA Corporation,Original Equipment,03/11/1987
ALH9TKTH-41A,ALH,Kenwood USA Corporation,Original Equipment,08/31/1984
ALH9TKTH-41AT,ALH,Kenwood USA Corporation,Original Equipment,09/05/1984
ALH9TKTH-41BT,ALH,Kenwood USA Corporation,Original Equipment,08/13/1986
ALH9TKTH-45AT,ALH,Kenwood USA Corporation,Original Equipment,11/06/1987
ALH9TKTH-75A,ALH,Kenwood USA Corporation,Original Equipment,03/14/1989
ALH9TKTK-100-1,ALH,Kenwood USA Corporation,Original Equipment,10/01/1987
ALH9TKTK-100-2,ALH,Kenwood USA Corporation,Original Equipment,10/01/1987
ALH9TKTK-100-3,ALH,Kenwood USA Corporation,Original Equipment,10/01/1987
ALH9TKTK-200-1,ALH,Kenwood USA Corporation,Original Equipment,01/30/1989
ALH9TKTK-200-1,ALH,Kenwood USA Corporation,Original Equipment,04/06/1984
ALH9TKTK-200-2,ALH,Kenwood USA Corporation,Original Equipment,03/30/1989
ALH9TKTK-200-2,ALH,Kenwood USA Corporation,Original Equipment,04/06/1984
ALH9TKTK-210-1,ALH,Kenwood USA Corporation,Original Equipment,03/26/1987
ALH9TKTK-210-2,ALH,Kenwood USA Corporation,Original Equipment,03/26/1987
ALH9TKTK-300-1,ALH,Kenwood USA Corporation,Original Equipment,01/30/1989
ALH9TKTK-300-1,ALH,Kenwood USA Corporation,Original Equipment,03/19/1984
ALH9TKTK-300-2,ALH,Kenwood USA Corporation,Original Equipment,03/19/1984
ALH9TKTK-300-2,ALH,Kenwood USA Corporation,Original Equipment,03/30/1989
ALH9TKTK-300-3,ALH,Kenwood USA Corporation,Original Equipment,03/19/1984
ALH9TKTK-300-3,ALH,Kenwood USA Corporation,Original Equipment,03/30/1989
ALH9TKTK-310-1,ALH,Kenwood USA Corporation,Original Equipment,10/07/1986
ALH9TKTK-310-2,ALH,Kenwood USA Corporation,Original Equipment,03/19/1987
ALH9TKTK-310-3,ALH,Kenwood USA Corporation,Original Equipment,03/19/1987
ALH9TKTK-320-1,ALH,Kenwood USA Corporation,Original Equipment,04/21/1988
ALH9TKTK-601S-1,ALH,Kenwood USA Corporation,Class II Permissive Change,08/01/1986
ALH9TKTK-601S-1,ALH,Kenwood USA Corporation,Class II Permissive Change,08/20/1985
ALH9TKTK-601S-2,ALH,Kenwood USA Corporation,Class II Permissive Change,08/01/1986
ALH9TKTK-601S-2,ALH,Kenwood USA Corporation,Class II Permissive Change,08/20/1985
ALH9TKTK-601S-3,ALH,Kenwood USA Corporation,Class II Permissive Change,08/01/1986
ALH9TKTK-601S-3,ALH,Kenwood USA Corporation,Class II Permissive Change,09/24/1985
ALH9TKTK-620-1,ALH,Kenwood USA Corporation,Original Equipment,06/14/1988
ALH9TKTK-620-2,ALH,Kenwood USA Corporation,Original Equipment,06/14/1988
ALH9TKTK-620H-1,ALH,Kenwood USA Corporation,Original Equipment,02/13/1989
ALH9TKTK-620H-2,ALH,Kenwood USA Corporation,Original Equipment,02/09/1989
ALH9TKTK-622RH-1,ALH,Kenwood USA Corporation,Original Equipment,06/29/1988
ALH9TKTK-622RH-2,ALH,Kenwood USA Corporation,Original Equipment,06/29/1988
ALH9TKTK-701S-1,ALH,Kenwood USA Corporation,Class II Permissive Change,07/03/1986
ALH9TKTK-701S-1,ALH,Kenwood USA Corporation,Class II Permissive Change,07/22/1983
ALH9TKTK-701S-2,ALH,Kenwood USA Corporation,Class II Permissive Change,07/03/1986
ALH9TKTK-701S-2,ALH,Kenwood USA Corporation,Class II Permissive Change,07/21/1983
ALH9TKTK-701S-3,ALH,Kenwood USA Corporation,Class II Permissive Change,07/03/1986
ALH9TKTK-701S-3,ALH,Kenwood USA Corporation,Class II Permissive Change,07/21/1983
ALH9TKTK-701S-4,ALH,Kenwood USA Corporation,Class II Permissive Change,07/03/1986
ALH9TKTK-701S-4,ALH,Kenwood USA Corporation,Class II Permissive Change,07/21/1983
ALH9TKTK-702R-1,ALH,Kenwood USA Corporation,Original Equipment,12/10/1985
ALH9TKTK-702R-2,ALH,Kenwood USA Corporation,Original Equipment,12/10/1985
ALH9TKTK-710-1,ALH,Kenwood USA Corporation,Original Equipment,06/23/1987
ALH9TKTK-710-2,ALH,Kenwood USA Corporation,Original Equipment,06/23/1987
ALH9TKTK-720-1,ALH,Kenwood USA Corporation,Original Equipment,07/13/1987
ALH9TKTK-720H-1,ALH,Kenwood USA Corporation,Original Equipment,02/13/1989
ALH9TKTK-722R-1,ALH,Kenwood USA Corporation,Original Equipment,05/23/1988
ALH9TKTK-722RH-1,ALH,Kenwood USA Corporation,Original Equipment,06/14/1988
ALH9TKTK-801S,ALH,Kenwood USA Corporation,Original Equipment,07/11/1983
ALH9TKTK-801S-1,ALH,Kenwood USA Corporation,Class II Permissive Change,07/03/1986
ALH9TKTK-801S-1,ALH,Kenwood USA Corporation,Class II Permissive Change,07/11/1983
ALH9TKTK-801S-2,ALH,Kenwood USA Corporation,Class II Permissive Change,10/02/1986
ALH9TKTK-801S-3,ALH,Kenwood USA Corporation,Class II Permissive Change,10/02/1986
ALH9TKTK-802R-1,ALH,Kenwood USA Corporation,Original Equipment,11/06/1985
ALH9TKTK-802R-2,ALH,Kenwood USA Corporation,Original Equipment,11/06/1985
ALH9TKTK-802R-3,ALH,Kenwood USA Corporation,Original Equipment,11/06/1985
ALH9TKTK-810-1,ALH,Kenwood USA Corporation,Original Equipment,06/16/1987
ALH9TKTK-810-2,ALH,Kenwood USA Corporation,Original Equipment,06/16/1987
ALH9TKTK-810-3,ALH,Kenwood USA Corporation,Original Equipment,06/16/1987
ALH9TKTK-810L-1,ALH,Kenwood USA Corporation,Original Equipment,06/16/1987
ALH9TKTK-820-1,ALH,Kenwood USA Corporation,Original Equipment,07/20/1987
ALH9TKTK-820-2,ALH,Kenwood USA Corporation,Original Equipment,07/20/1987
ALH9TKTK-820-3,ALH,Kenwood USA Corporation,Original Equipment,07/20/1987
ALH9TKTK-820-3,ALH,Kenwood USA Corporation,Original Equipment,08/07/1987
ALH9TKTK-820H-1,ALH,Kenwood USA Corporation,Original Equipment,02/13/1989
ALH9TKTK-822R-1,ALH,Kenwood USA Corporation,Original Equipment,06/09/1988
ALH9TKTK-822R-2,ALH,Kenwood USA Corporation,Original Equipment,06/09/1988
ALH9TKTK-822R-3,ALH,Kenwood USA Corporation,Original Equipment,06/09/1988
ALH9TKTK-822RH-1,ALH,Kenwood USA Corporation,Original Equipment,05/18/1988
ALH9TKTK-822RH-2,ALH,Kenwood USA Corporation,Original Equipment,05/18/1988
ALH9TKTK-822RH-3,ALH,Kenwood USA Corporation,Original Equipment,05/18/1988
ALH9TKTK-901S,ALH,Kenwood USA Corporation,Original Equipment,11/06/1985
ALH9TKTKB-620-1,ALH,Kenwood USA Corporation,Original Equipment,06/29/1988
ALH9TKTKB-620-2,ALH,Kenwood USA Corporation,Original Equipment,06/29/1988
ALH9TKTKB-720-1,ALH,Kenwood USA Corporation,Original Equipment,06/29/1988
ALH9TKTKM-207,ALH,Kenwood USA Corporation,Original Equipment,04/04/1988
ALH9TKTKM-407,ALH,Kenwood USA Corporation,Original Equipment,04/04/1988
ALH9TKTKR-820-1,ALH,Kenwood USA Corporation,Original Equipment,07/15/1988
ALH9TKTM-201A,ALH,Kenwood USA Corporation,Original Equipment,04/20/1983
ALH9TKTM-201B,ALH,Kenwood USA Corporation,Original Equipment,12/05/1985
ALH9TKTM-211A,ALH,Kenwood USA Corporation,Original Equipment,08/31/1984
ALH9TKTM-221A,ALH,Kenwood USA Corporation,Original Equipment,02/04/1987
ALH9TKTM-231A,ALH,Kenwood USA Corporation,Original Equipment,01/19/1989
ALH9TKTM-2530A,ALH,Kenwood USA Corporation,Original Equipment,10/23/1985
ALH9TKTM-2550A,ALH,Kenwood USA Corporation,Original Equipment,10/23/1985
ALH9TKTM-2570A,ALH,Kenwood USA Corporation,Original Equipment,10/23/1985
ALH9TKTM-321A,ALH,Kenwood USA Corporation,Original Equipment,09/28/1987
ALH9TKTM-331A,ALH,Kenwood USA Corporation,Original Equipment,03/24/1989
ALH9TKTM-3530A,ALH,Kenwood USA Corporation,Original Equipment,03/25/1986
ALH9TKTM-401A,ALH,Kenwood USA Corporation,Original Equipment,08/15/1983
ALH9TKTM-401B,ALH,Kenwood USA Corporation,Original Equipment,12/05/1985
ALH9TKTM-411A,ALH,Kenwood USA Corporation,Original Equipment,10/01/1984
ALH9TKTM-421A,ALH,Kenwood USA Corporation,Original Equipment,02/18/1987
ALH9TKTM-431A,ALH,Kenwood USA Corporation,Original Equipment,01/19/1989
ALH9TKTM-621A,ALH,Kenwood USA Corporation,Original Equipment,04/20/1988
ALH9TKTM-621A1,ALH,Kenwood USA Corporation,Original Equipment,10/27/1988
ALH9TKTM-701A,ALH,Kenwood USA Corporation,Original Equipment,01/19/1989
ALH9TKTM-721A,ALH,Kenwood USA Corporation,Original Equipment,12/30/1987
ALH9TKTR-2600A,ALH,Kenwood USA Corporation,Original Equipment,07/03/1984
ALH9TKTR-3500,ALH,Kenwood USA Corporation,Original Equipment,07/20/1982
ALH9TKTR-3600A,ALH,Kenwood USA Corporation,Original Equipment,11/27/1984
ALH9TKTR-751A,ALH,Kenwood USA Corporation,Original Equipment,02/03/1986
ALH9TKTR-7930,ALH,Kenwood USA Corporation,Original Equipment,07/14/1982
ALH9TKTR-7950,ALH,Kenwood USA Corporation,Original Equipment,07/14/1982
ALH9TKTR-851A,ALH,Kenwood USA Corporation,Original Equipment,02/04/1987
ALH9TKTR-9500,ALH,Kenwood USA Corporation,Original Equipment,04/23/1982
ALH9TKTS-140S,ALH,Kenwood USA Corporation,Original Equipment,11/17/1987
ALH9TKTS-670,ALH,Kenwood USA Corporation,Original Equipment,08/01/1984
ALH9TKTS-680S,ALH,Kenwood USA Corporation,Original Equipment,09/28/1987
ALH9TKTS-711A,ALH,Kenwood USA Corporation,Original Equipment,08/01/1984
ALH9TKTS-780,ALH,Kenwood USA Corporation,Original Equipment,08/09/1983
ALH9TKTS-790A,ALH,Kenwood USA Corporation,Original Equipment,01/31/1989
ALH9TKTS-811A,ALH,Kenwood USA Corporation,Original Equipment,09/04/1984
ALH9TKTW-4000A,ALH,Kenwood USA Corporation,Original Equipment,04/20/1983
ALH9TKTW-4100A,ALH,Kenwood USA Corporation,Original Equipment,04/01/1987
ALH9TKVC-10,ALH,Kenwood USA Corporation,Original Equipment,04/21/1983
ALH9TKVC-20,ALH,Kenwood USA Corporation,Original Equipment,09/24/1986
ALHKCS-10,ALH,Kenwood USA Corporation,Original Equipment,03/25/1991
ALHKSG-4500G-1,ALH,Kenwood USA Corporation,Original Equipment,01/05/1998
ALHKSG-4500G-4,ALH,Kenwood USA Corporation,Original Equipment,01/28/1998
ALHTH-225A,ALH,Kenwood USA Corporation,Original Equipment,11/14/1989
ALHTH-22AT,ALH,Kenwood USA Corporation,Original Equipment,10/26/1993
ALHTH-26AT,ALH,Kenwood USA Corporation,Original Equipment,01/24/1990
ALHTH-27A,ALH,Kenwood USA Corporation,Class II Permissive Change,11/26/1990
ALHTH-28A,ALH,Kenwood USA Corporation,Original Equipment,04/01/1992
ALHTH-42AT,ALH,Kenwood USA Corporation,Original Equipment,10/27/1993
ALHTH-46AT,ALH,Kenwood USA Corporation,Original Equipment,01/24/1990
ALHTH-47A,ALH,Kenwood USA Corporation,Class II Permissive Change,11/26/1990
ALHTH-48A,ALH,Kenwood USA Corporation,Original Equipment,04/01/1992
ALHTH-77A,ALH,Kenwood USA Corporation,Original Equipment,09/24/1990
ALHTH-78A,ALH,Kenwood USA Corporation,Original Equipment,04/01/1992
ALHTK-220-1,ALH,Kenwood USA Corporation,Original Equipment,06/07/1989
ALHTK-230-1,ALH,Kenwood USA Corporation,Class II Permissive Change,03/12/1993
ALHTK-240-1,ALH,Kenwood USA Corporation,Original Equipment,06/27/1990
ALHTK-240D-1,ALH,Kenwood USA Corporation,Original Equipment,07/02/1991
ALHTK-248-1,ALH,Kenwood USA Corporation,Original Equipment,02/05/1992
ALHTK-250-1,ALH,Kenwood USA Corporation,Original Equipment,07/06/1994
ALHTK-250-2,ALH,Kenwood USA Corporation,Original Equipment,10/04/1994
ALHTK-250G-1,ALH,Kenwood USA Corporation,Original Equipment,09/30/1996
ALHTK-250G-2,ALH,Kenwood USA Corporation,Original Equipment,02/06/1997
ALHTK-250N-1,ALH,Kenwood USA Corporation,Original Equipment,09/30/1996
ALHTK-270-1,ALH,Kenwood USA Corporation,Original Equipment,04/25/1996
ALHTK-270-2,ALH,Kenwood USA Corporation,Original Equipment,05/28/1996
ALHTK-270N-1,ALH,Kenwood USA Corporation,Original Equipment,01/23/1997
ALHTK-270N-2,ALH,Kenwood USA Corporation,Original Equipment,01/07/1997
ALHTK-330-1,ALH,Kenwood USA Corporation,Original Equipment,06/08/1989
ALHTK-330-2,ALH,Kenwood USA Corporation,Original Equipment,09/12/1989
ALHTK-330-3,ALH,Kenwood USA Corporation,Original Equipment,09/26/1989
ALHTK-340-1,ALH,Kenwood USA Corporation,Original Equipment,06/08/1990
ALHTK-340-2,ALH,Kenwood USA Corporation,Original Equipment,06/08/1990
ALHTK-340-3,ALH,Kenwood USA Corporation,Original Equipment,06/08/1990
ALHTK-340-4,ALH,Kenwood USA Corporation,Original Equipment,06/08/1990
ALHTK-340D-1,ALH,Kenwood USA Corporation,Original Equipment,07/16/1991
ALHTK-340D-2,ALH,Kenwood USA Corporation,Original Equipment,07/16/1991
ALHTK-340D-3,ALH,Kenwood USA Corporation,Original Equipment,07/16/1991
ALHTK-340D-4,ALH,Kenwood USA Corporation,Original Equipment,07/16/1991
ALHTK-348-1,ALH,Kenwood USA Corporation,Class II Permissive Change,04/22/1992
ALHTK-348-4,ALH,Kenwood USA Corporation,Original Equipment,02/05/1992
ALHTK-350-1,ALH,Kenwood USA Corporation,Original Equipment,06/28/1994
ALHTK-350-2,ALH,Kenwood USA Corporation,Original Equipment,10/04/1994
ALHTK-350-3,ALH,Kenwood USA Corporation,Original Equipment,10/04/1994
ALHTK-350-4,ALH,Kenwood USA Corporation,Original Equipment,09/30/1994
ALHTK-350G-1,ALH,Kenwood USA Corporation,Original Equipment,10/02/1996
ALHTK-350G-2,ALH,Kenwood USA Corporation,Original Equipment,01/13/1997
ALHTK-350G-3,ALH,Kenwood USA Corporation,Original Equipment,11/18/1996
ALHTK-350G-4,ALH,Kenwood USA Corporation,Original Equipment,11/19/1996
ALHTK-350N-1,ALH,Kenwood USA Corporation,Original Equipment,05/13/1996
ALHTK-350N-2,ALH,Kenwood USA Corporation,Original Equipment,05/28/1996
ALHTK-350N-3,ALH,Kenwood USA Corporation,Original Equipment,05/28/1996
ALHTK-350N-4,ALH,Kenwood USA Corporation,Original Equipment,05/07/1996
ALHTK-370-1,ALH,Kenwood USA Corporation,Original Equipment,04/25/1996
ALHTK-370-2,ALH,Kenwood USA Corporation,Original Equipment,06/05/1996
ALHTK-370-3,ALH,Kenwood USA Corporation,Original Equipment,06/05/1996
ALHTK-370-4,ALH,Kenwood USA Corporation,Original Equipment,05/09/1996
ALHTK-370N-1,ALH,Kenwood USA Corporation,Original Equipment,01/15/1997
ALHTK-370N-2,ALH,Kenwood USA Corporation,Original Equipment,01/03/1997
ALHTK-370N-3,ALH,Kenwood USA Corporation,Original Equipment,01/03/1997
ALHTK-370N-4,ALH,Kenwood USA Corporation,Original Equipment,01/03/1997
ALHTK-430-1,ALH,Kenwood USA Corporation,Original Equipment,09/03/1992
ALHTK-430-2,ALH,Kenwood USA Corporation,Class II Permissive Change,06/27/1995
ALHTK-431-1,ALH,Kenwood USA Corporation,Original Equipment,09/14/1992
ALHTK-630H-1,ALH,Kenwood USA Corporation,Original Equipment,09/26/1991
ALHTK-630H-2,ALH,Kenwood USA Corporation,Original Equipment,10/21/1991
ALHTK-630H-3,ALH,Kenwood USA Corporation,Original Equipment,10/21/1991
ALHTK-705-1,ALH,Kenwood USA Corporation,Original Equipment,08/21/1989
ALHTK-705D-1,ALH,Kenwood USA Corporation,Original Equipment,02/13/1991
ALHTK-705DH-1,ALH,Kenwood USA Corporation,Original Equipment,12/18/1991
ALHTK-708-1,ALH,Kenwood USA Corporation,Original Equipment,05/06/1992
ALHTK-708H-1,ALH,Kenwood USA Corporation,Original Equipment,05/06/1992
ALHTK-730-1,ALH,Kenwood USA Corporation,Class II Permissive Change,01/14/1992
ALHTK-730G-1,ALH,Kenwood USA Corporation,Original Equipment,07/29/1996
ALHTK-730G-2,ALH,Kenwood USA Corporation,Original Equipment,07/25/1996
ALHTK-730H-1,ALH,Kenwood USA Corporation,Class II Permissive Change,01/21/1992
ALHTK-730HG-1,ALH,Kenwood USA Corporation,Class II Permissive Change,06/10/1997
ALHTK-730M-1,ALH,Kenwood USA Corporation,Original Equipment,01/09/1991
ALHTK-760-1,ALH,Kenwood USA Corporation,Class II Permissive Change,12/01/1997
ALHTK-760-2,ALH,Kenwood USA Corporation,Class II Permissive Change,11/03/1997
ALHTK-760H-1,ALH,Kenwood USA Corporation,Class II Permissive Change,11/03/1997
ALHTK-760H-2,ALH,Kenwood USA Corporation,Class II Permissive Change,11/03/1997
ALHTK-805-1,ALH,Kenwood USA Corporation,Original Equipment,08/21/1989
ALHTK-805-2,ALH,Kenwood USA Corporation,Original Equipment,08/21/1989
ALHTK-805-3,ALH,Kenwood USA Corporation,Original Equipment,08/21/1989
ALHTK-805-4,ALH,Kenwood USA Corporation,Original Equipment,08/21/1989
ALHTK-805D-1,ALH,Kenwood USA Corporation,Original Equipment,03/13/1991
ALHTK-805D-2,ALH,Kenwood USA Corporation,Original Equipment,02/13/1991
ALHTK-805D-3,ALH,Kenwood USA Corporation,Original Equipment,02/13/1991
ALHTK-805D-4,ALH,Kenwood USA Corporation,Original Equipment,02/13/1991
ALHTK-805DH-1,ALH,Kenwood USA Corporation,Original Equipment,11/19/1991
ALHTK-805DH-4,ALH,Kenwood USA Corporation,Original Equipment,01/24/1992
ALHTK-806D-1,ALH,Kenwood USA Corporation,Original Equipment,05/14/1991
ALHTK-808-1,ALH,Kenwood USA Corporation,Original Equipment,05/06/1992
ALHTK-808-4,ALH,Kenwood USA Corporation,Original Equipment,10/01/1992
ALHTK-808H-1,ALH,Kenwood USA Corporation,Original Equipment,08/21/1992
ALHTK-808H-4,ALH,Kenwood USA Corporation,Original Equipment,10/01/1992
ALHTK-830-1,ALH,Kenwood USA Corporation,Class II Permissive Change,01/14/1992
ALHTK-830-2,ALH,Kenwood USA Corporation,Class II Permissive Change,01/14/1992
ALHTK-830-3,ALH,Kenwood USA Corporation,Original Equipment,03/11/1992
ALHTK-830-4,ALH,Kenwood USA Corporation,Original Equipment,03/11/1992
ALHTK-830G-1,ALH,Kenwood USA Corporation,Original Equipment,08/01/1996
ALHTK-830G-2,ALH,Kenwood USA Corporation,Original Equipment,08/01/1996
ALHTK-830G-3,ALH,Kenwood USA Corporation,Original Equipment,08/01/1996
ALHTK-830G-4,ALH,Kenwood USA Corporation,Original Equipment,08/01/1996
ALHTK-830H-1,ALH,Kenwood USA Corporation,Class II Permissive Change,01/21/1992
ALHTK-830H-2,ALH,Kenwood USA Corporation,Class II Permissive Change,01/21/1992
ALHTK-830H-3,ALH,Kenwood USA Corporation,Class II Permissive Change,01/21/1992
ALHTK-830HG-1,ALH,Kenwood USA Corporation,Original Equipment,08/01/1996
ALHTK-830HG-2,ALH,Kenwood USA Corporation,Original Equipment,07/30/1996
ALHTK-830HG-3,ALH,Kenwood USA Corporation,Original Equipment,07/30/1996
ALHTK-830M-1,ALH,Kenwood USA Corporation,Original Equipment,01/04/1991
ALHTK-840-1,ALH,Kenwood USA Corporation,Original Equipment,01/23/1995
ALHTK-840-2,ALH,Kenwood USA Corporation,Original Equipment,01/03/1995
ALHTK-840-3,ALH,Kenwood USA Corporation,Class II Permissive Change,05/04/1995
ALHTK-840N-1,ALH,Kenwood USA Corporation,Original Equipment,10/10/1996
ALHTK-840N-2,ALH,Kenwood USA Corporation,Original Equipment,10/10/1996
ALHTK-840N-3,ALH,Kenwood USA Corporation,Original Equipment,10/21/1996
ALHTK-860-1,ALH,Kenwood USA Corporation,Class II Permissive Change,11/03/1997
ALHTK-860-2,ALH,Kenwood USA Corporation,Class II Permissive Change,11/03/1997
ALHTK-860-3,ALH,Kenwood USA Corporation,Class II Permissive Change,11/03/1997
ALHTK-860-4,ALH,Kenwood USA Corporation,Class II Permissive Change,11/03/1997
ALHTK-860H-1,ALH,Kenwood USA Corporation,Class II Permissive Change,11/03/1997
ALHTK-860H-2,ALH,Kenwood USA Corporation,Class II Permissive Change,11/03/1997
ALHTK-860H-3,ALH,Kenwood USA Corporation,Class II Permissive Change,11/03/1997
ALHTK-860H-4,ALH,Kenwood USA Corporation,Class II Permissive Change,11/03/1997
ALHTK-930-1,ALH,Kenwood USA Corporation,Original Equipment,04/18/1990
ALHTK-930H-1,ALH,Kenwood USA Corporation,Original Equipment,04/18/1990
ALHTK-930H-2,ALH,Kenwood USA Corporation,Original Equipment,03/20/1995
ALHTK-931-1,ALH,Kenwood USA Corporation,Original Equipment,04/23/1990
ALHTK-931H-1,ALH,Kenwood USA Corporation,Original Equipment,04/23/1990
ALHTK-940-1,ALH,Kenwood USA Corporation,Original Equipment,08/11/1994
ALHTK-941-1,ALH,Kenwood USA Corporation,Original Equipment,08/11/1994
ALHTKM-107,ALH,Kenwood USA Corporation,Original Equipment,01/17/1990
ALHTKM-107-1,ALH,Kenwood USA Corporation,Original Equipment,03/30/1993
ALHTKM-307,ALH,Kenwood USA Corporation,Original Equipment,10/25/1990
ALHTKM-307-1,ALH,Kenwood USA Corporation,Original Equipment,10/20/1993
ALHTKM-407-1,ALH,Kenwood USA Corporation,Original Equipment,01/24/1994
ALHTKM-507,ALH,Kenwood USA Corporation,Original Equipment,11/15/1989
ALHTKM-507-1,ALH,Kenwood USA Corporation,Original Equipment,01/24/1994
ALHTKM-707,ALH,Kenwood USA Corporation,Class II Permissive Change,10/21/1992
ALHTKR-720-1,ALH,Kenwood USA Corporation,Original Equipment,10/26/1990
ALHTKR-720N-1,ALH,Kenwood USA Corporation,Original Equipment,10/20/1997
ALHTKR-820-2,ALH,Kenwood USA Corporation,Original Equipment,03/09/1990
ALHTKR-820-3,ALH,Kenwood USA Corporation,Original Equipment,03/09/1990
ALHTKR-820-4,ALH,Kenwood USA Corporation,Original Equipment,03/09/1990
ALHTKR-820N-1,ALH,Kenwood USA Corporation,Original Equipment,09/09/1996
ALHTKR-820N-2,ALH,Kenwood USA Corporation,Original Equipment,11/06/1998
ALHTKR-820N-3,ALH,Kenwood USA Corporation,Original Equipment,11/06/1998
ALHTKR-820N-4,ALH,Kenwood USA Corporation,Original Equipment,02/11/1999
ALHTKR-900-1,ALH,Kenwood USA Corporation,Original Equipment,11/12/1992
ALHTKR-900-2,ALH,Kenwood USA Corporation,Original Equipment,05/22/1995
ALHTKR-901-1,ALH,Kenwood USA Corporation,Original Equipment,07/21/1993
ALHTM-241A,ALH,Kenwood USA Corporation,Original Equipment,09/24/1990
ALHTM-441A,ALH,Kenwood USA Corporation,Original Equipment,09/19/1990
ALHTM-631A,ALH,Kenwood USA Corporation,Original Equipment,05/18/1989
ALHTM-731A,ALH,Kenwood USA Corporation,Original Equipment,04/12/1989
ALHTM-732A,ALH,Kenwood USA Corporation,Original Equipment,02/28/1992
ALHTM-741A,ALH,Kenwood USA Corporation,Original Equipment,09/05/1991
ALHTM-742A,ALH,Kenwood USA Corporation,Class II Permissive Change,07/14/1993
ALHTM-941A,ALH,Kenwood USA Corporation,Original Equipment,07/23/1990
ALHTS-450S,ALH,Kenwood USA Corporation,Original Equipment,09/16/1991
ALHTS-690S,ALH,Kenwood USA Corporation,Original Equipment,09/16/1991
ALHUBZ-LF14,ALH,Kenwood USA Corporation,Original Equipment,08/08/1997
