radio_id,brand,model,fcc_id,brand_grantee,inferred_grantee,expected_brand,reason
3143,"Alinco Incorporated, Electronics Division",06T,PH3DR-06T,,PH3,Alinco,brand_has_no_code_but_inferred_known
3113,"Alinco Incorporated, Electronics Division",06TA,PH3DR-06TA,,PH3,Alinco,brand_has_no_code_but_inferred_known
3151,"Alinco Incorporated, Electronics Division",100,PH3DJ-100,,PH3,Alinco,brand_has_no_code_but_inferred_known
3156,"Alinco Incorporated, Electronics Division",135TMK2,PH3DR-135TMK2,,PH3,Alinco,brand_has_no_code_but_inferred_known
3160,"Alinco Incorporated, Electronics Division",135TMK3,PH3DR-135TMK3,,PH3,Alinco,brand_has_no_code_but_inferred_known
3172,"Alinco Incorporated, Electronics Division",175T,PH3DJ-175T,,PH3,Alinco,brand_has_no_code_but_inferred_known
3112,"Alinco Incorporated, Electronics Division",235TMK3,PH3DR-235TMK3,,PH3,Alinco,brand_has_no_code_but_inferred_known
3170,"Alinco Incorporated, Electronics Division",296T,PH3DJ-296T,,PH3,Alinco,brand_has_no_code_but_inferred_known
3142,"Alinco Incorporated, Electronics Division",435TMK2,PH3DR-435TMK2,,PH3,Alinco,brand_has_no_code_but_inferred_known
3126,"Alinco Incorporated, Electronics Division",435TMK3,PH3DR-435TMK3,,PH3,Alinco,brand_has_no_code_but_inferred_known
3127,"Alinco Incorporated, Electronics Division",500,PH3DJ-500,,PH3,Alinco,brand_has_no_code_but_inferred_known
3146,"Alinco Incorporated, Electronics Division",500TB,PH3DJ-500TB,,PH3,Alinco,brand_has_no_code_but_inferred_known
3106,"Alinco Incorporated, Electronics Division",596T,PH3DJ-596T,,PH3,Alinco,brand_has_no_code_but_inferred_known
3109,"Alinco Incorporated, Electronics Division",596TMK2,PH3DJ-596TMK2,,PH3,Alinco,brand_has_no_code_but_inferred_known
3152,"Alinco Incorporated, Electronics Division",620T,PH3DR-620T,,PH3,Alinco,brand_has_no_code_but_inferred_known
3153,"Alinco Incorporated, Electronics Division",635T,PH3DR-635T,,PH3,Alinco,brand_has_no_code_but_inferred_known
3141,"Alinco Incorporated, Electronics Division",635T2,PH3DR-635T2,,PH3,Alinco,brand_has_no_code_but_inferred_known
3120,"Alinco Incorporated, Electronics Division",735T,PH3DR-735T,,PH3,Alinco,brand_has_no_code_but_inferred_known
3130,"Alinco Incorporated, Electronics Division",735T2,PH3DR-735T2,,PH3,Alinco,brand_has_no_code_but_inferred_known
3110,"Alinco Incorporated, Electronics Division",A10,PH3DJ-A10,,PH3,Alinco,brand_has_no_code_but_inferred_known
3119,"Alinco Incorporated, Electronics Division",A11,PH3DJ-A11,,PH3,Alinco,brand_has_no_code_but_inferred_known
3163,"Alinco Incorporated, Electronics Division",A40,PH3DJ-A40,,PH3,Alinco,brand_has_no_code_but_inferred_known
3121,"Alinco Incorporated, Electronics Division",A41,PH3DJ-A41,,PH3,Alinco,brand_has_no_code_but_inferred_known
3136,"Alinco Incorporated, Electronics Division",AW1,PH3AW1,,PH3,Alinco,brand_has_no_code_but_inferred_known
3133,"Alinco Incorporated, Electronics Division",AW2,PH3AW2,,PH3,Alinco,brand_has_no_code_but_inferred_known
3150,"Alinco Incorporated, Electronics Division",AXD1,PH3DJ-AXD1,,PH3,Alinco,brand_has_no_code_but_inferred_known
3134,"Alinco Incorporated, Electronics Division",AXD4,PH3DJ-AXD4,,PH3,Alinco,brand_has_no_code_but_inferred_known
3144,"Alinco Incorporated, Electronics Division",B185HT,PH3DR-B185HT,,PH3,Alinco,brand_has_no_code_but_inferred_known
3158,"Alinco Incorporated, Electronics Division",B185T,PH3DR-B185T,,PH3,Alinco,brand_has_no_code_but_inferred_known
3169,"Alinco Incorporated, Electronics Division",C7T,PH3DJ-C7T,,PH3,Alinco,brand_has_no_code_but_inferred_known
3147,"Alinco Incorporated, Electronics Division",CS10HT,PH3DR-CS10HT,,PH3,Alinco,brand_has_no_code_but_inferred_known
3137,"Alinco Incorporated, Electronics Division",CS25,PH3DR-CS25,,PH3,Alinco,brand_has_no_code_but_inferred_known
3328,"Alinco Incorporated, Electronics Division",DJ-100,PH3-DJ-100,,PH3,Alinco,brand_has_no_code_but_inferred_known
3333,"Alinco Incorporated, Electronics Division",DJ-175T,PH3-DJ-175T,,PH3,Alinco,brand_has_no_code_but_inferred_known
3145,"Alinco Incorporated, Electronics Division",DJ-296T,PH3-DJ-296T,,PH3,Alinco,brand_has_no_code_but_inferred_known
3311,"Alinco Incorporated, Electronics Division",DJ-500,PH3-DJ-500,,PH3,Alinco,brand_has_no_code_but_inferred_known
3324,"Alinco Incorporated, Electronics Division",DJ-500TB,PH3-DJ-500TB,,PH3,Alinco,brand_has_no_code_but_inferred_known
3293,"Alinco Incorporated, Electronics Division",DJ-596T,PH3-DJ-596T,,PH3,Alinco,brand_has_no_code_but_inferred_known
3295,"Alinco Incorporated, Electronics Division",DJ-596TMK2,PH3-DJ-596TMK2,,PH3,Alinco,brand_has_no_code_but_inferred_known
3296,"Alinco Incorporated, Electronics Division",DJ-A10,PH3-DJ-A10,,PH3,Alinco,brand_has_no_code_but_inferred_known
3305,"Alinco Incorporated, Electronics Division",DJ-A11,PH3-DJ-A11,,PH3,Alinco,brand_has_no_code_but_inferred_known
3339,"Alinco Incorporated, Electronics Division",DJ-A40,PH3-DJ-A40,,PH3,Alinco,brand_has_no_code_but_inferred_known
3307,"Alinco Incorporated, Electronics Division",DJ-A41,PH3-DJ-A41,,PH3,Alinco,brand_has_no_code_but_inferred_known
3327,"Alinco Incorporated, Electronics Division",DJ-AXD1,PH3-DJ-AXD1,,PH3,Alinco,brand_has_no_code_but_inferred_known
3315,"Alinco Incorporated, Electronics Division",DJ-AXD4,PH3-DJ-AXD4,,PH3,Alinco,brand_has_no_code_but_inferred_known
3122,"Alinco Incorporated, Electronics Division",DJ-C7T,PH3-DJ-C7T,,PH3,Alinco,brand_has_no_code_but_inferred_known
3340,"Alinco Incorporated, Electronics Division",DJ-FX45,PH3-DJ-FX45,,PH3,Alinco,brand_has_no_code_but_inferred_known
3341,"Alinco Incorporated, Electronics Division",DJ-G29T,PH3-DJ-G29T,,PH3,Alinco,brand_has_no_code_but_inferred_known
3301,"Alinco Incorporated, Electronics Division",DJ-G46T,PH3-DJ-G46T,,PH3,Alinco,brand_has_no_code_but_inferred_known
3300,"Alinco Incorporated, Electronics Division",DJ-G7T,PH3-DJ-G7T,,PH3,Alinco,brand_has_no_code_but_inferred_known
3335,"Alinco Incorporated, Electronics Division",DJ-MD40,PH3-DJ-MD40,,PH3,Alinco,brand_has_no_code_but_inferred_known
3318,"Alinco Incorporated, Electronics Division",DJ-MD5,PH3-DJ-MD5,,PH3,Alinco,brand_has_no_code_but_inferred_known
3319,"Alinco Incorporated, Electronics Division",DJ-NX40T,PH3-DJ-NX40T,,PH3,Alinco,brand_has_no_code_but_inferred_known
3308,"Alinco Incorporated, Electronics Division",DJ-NX45T,PH3-DJ-NX45T,,PH3,Alinco,brand_has_no_code_but_inferred_known
3331,"Alinco Incorporated, Electronics Division",DJ-S40T,PH3-DJ-S40T,,PH3,Alinco,brand_has_no_code_but_inferred_known
2201,"Alinco Incorporated, Electronics Division",DJ-S45T,PH3-DJ-S45T,,PH3,Alinco,brand_has_no_code_but_inferred_known
3326,"Alinco Incorporated, Electronics Division",DJ-V17T,PH3-DJ-V17T,,PH3,Alinco,brand_has_no_code_but_inferred_known
3297,"Alinco Incorporated, Electronics Division",DJ-V27T,PH3-DJ-V27T,,PH3,Alinco,brand_has_no_code_but_inferred_known
3309,"Alinco Incorporated, Electronics Division",DJ-V47T,PH3-DJ-V47T,,PH3,Alinco,brand_has_no_code_but_inferred_known
3316,"Alinco Incorporated, Electronics Division",DJ-V57T,PH3-DJ-V57T,,PH3,Alinco,brand_has_no_code_but_inferred_known
3312,"Alinco Incorporated, Electronics Division",DJ-VX50HT,PH3-DJ-VX50HT,,PH3,Alinco,brand_has_no_code_but_inferred_known
3108,"Alinco Incorporated, Electronics Division",DJ-W70HT,PH3-DJ-W70HT,,PH3,Alinco,brand_has_no_code_but_inferred_known
3338,"Alinco Incorporated, Electronics Division",DJ-X100T,PH3-DJ-X100T,,PH3,Alinco,brand_has_no_code_but_inferred_known
3313,"Alinco Incorporated, Electronics Division",DJ-X11T,PH3-DJ-X11T,,PH3,Alinco,brand_has_no_code_but_inferred_known
3337,"Alinco Incorporated, Electronics Division",DJ-X30T,PH3-DJ-X30T,,PH3,Alinco,brand_has_no_code_but_inferred_known
3294,"Alinco Incorporated, Electronics Division",DJ-X3T,PH3-DJ-X3T,,PH3,Alinco,brand_has_no_code_but_inferred_known
3304,"Alinco Incorporated, Electronics Division",DJ-X7T,PH3-DJ-X7T,,PH3,Alinco,brand_has_no_code_but_inferred_known
3322,"Alinco Incorporated, Electronics Division",DR-06T,PH3-DR-06T,,PH3,Alinco,brand_has_no_code_but_inferred_known
3299,"Alinco Incorporated, Electronics Division",DR-06TA,PH3-DR-06TA,,PH3,Alinco,brand_has_no_code_but_inferred_known
3332,"Alinco Incorporated, Electronics Division",DR-135TMK2,PH3-DR-135TMK2,,PH3,Alinco,brand_has_no_code_but_inferred_known
3336,"Alinco Incorporated, Electronics Division",DR-135TMK3,PH3-DR-135TMK3,,PH3,Alinco,brand_has_no_code_but_inferred_known
3164,"Alinco Incorporated, Electronics Division",DR138,PH3DR138,,PH3,Alinco,brand_has_no_code_but_inferred_known
3165,"Alinco Incorporated, Electronics Division",DR138HT,PH3DR138HT,,PH3,Alinco,brand_has_no_code_but_inferred_known
3123,"Alinco Incorporated, Electronics Division",DR-138TMKII,PH3-DR-138TMKII,,PH3,Alinco,brand_has_no_code_but_inferred_known
3298,"Alinco Incorporated, Electronics Division",DR-235TMK3,PH3-DR-235TMK3,,PH3,Alinco,brand_has_no_code_but_inferred_known
3321,"Alinco Incorporated, Electronics Division",DR-435TMK2,PH3-DR-435TMK2,,PH3,Alinco,brand_has_no_code_but_inferred_known
3310,"Alinco Incorporated, Electronics Division",DR-435TMK3,PH3-DR-435TMK3,,PH3,Alinco,brand_has_no_code_but_inferred_known
3148,"Alinco Incorporated, Electronics Division",DR438,PH3DR438,,PH3,Alinco,brand_has_no_code_but_inferred_known
3132,"Alinco Incorporated, Electronics Division",DR438H,PH3DR438H,,PH3,Alinco,brand_has_no_code_but_inferred_known
3329,"Alinco Incorporated, Electronics Division",DR-620T,PH3-DR-620T,,PH3,Alinco,brand_has_no_code_but_inferred_known
3330,"Alinco Incorporated, Electronics Division",DR-635T,PH3-DR-635T,,PH3,Alinco,brand_has_no_code_but_inferred_known
3320,"Alinco Incorporated, Electronics Division",DR-635T2,PH3-DR-635T2,,PH3,Alinco,brand_has_no_code_but_inferred_known
3131,"Alinco Incorporated, Electronics Division",DR638,PH3DR638,,PH3,Alinco,brand_has_no_code_but_inferred_known
3306,"Alinco Incorporated, Electronics Division",DR-735T,PH3-DR-735T,,PH3,Alinco,brand_has_no_code_but_inferred_known
3314,"Alinco Incorporated, Electronics Division",DR-735T2,PH3-DR-735T2,,PH3,Alinco,brand_has_no_code_but_inferred_known
3323,"Alinco Incorporated, Electronics Division",DR-B185HT,PH3-DR-B185HT,,PH3,Alinco,brand_has_no_code_but_inferred_known
3334,"Alinco Incorporated, Electronics Division",DR-B185T,PH3-DR-B185T,,PH3,Alinco,brand_has_no_code_but_inferred_known
3325,"Alinco Incorporated, Electronics Division",DR-CS10HT,PH3-DR-CS10HT,,PH3,Alinco,brand_has_no_code_but_inferred_known
3317,"Alinco Incorporated, Electronics Division",DR-CS25,PH3-DR-CS25,,PH3,Alinco,brand_has_no_code_but_inferred_known
3303,"Alinco Incorporated, Electronics Division",DR-MD500T,PH3-DR-MD500T,,PH3,Alinco,brand_has_no_code_but_inferred_known
3302,"Alinco Incorporated, Electronics Division",DR-MD520T,PH3-DR-MD520T,,PH3,Alinco,brand_has_no_code_but_inferred_known
3167,"Alinco Incorporated, Electronics Division",FX45,PH3DJ-FX45,,PH3,Alinco,brand_has_no_code_but_inferred_known
3168,"Alinco Incorporated, Electronics Division",G29T,PH3DJ-G29T,,PH3,Alinco,brand_has_no_code_but_inferred_known
3115,"Alinco Incorporated, Electronics Division",G46T,PH3DJ-G46T,,PH3,Alinco,brand_has_no_code_but_inferred_known
3114,"Alinco Incorporated, Electronics Division",G7T,PH3DJ-G7T,,PH3,Alinco,brand_has_no_code_but_inferred_known
3159,"Alinco Incorporated, Electronics Division",MD40,PH3DJ-MD40,,PH3,Alinco,brand_has_no_code_but_inferred_known
3138,"Alinco Incorporated, Electronics Division",MD5,PH3DJ-MD5,,PH3,Alinco,brand_has_no_code_but_inferred_known
3117,"Alinco Incorporated, Electronics Division",MD500T,PH3DR-MD500T,,PH3,Alinco,brand_has_no_code_but_inferred_known
3116,"Alinco Incorporated, Electronics Division",MD520T,PH3DR-MD520T,,PH3,Alinco,brand_has_no_code_but_inferred_known
3140,"Alinco Incorporated, Electronics Division",NX40T,PH3DJ-NX40T,,PH3,Alinco,brand_has_no_code_but_inferred_known
3124,"Alinco Incorporated, Electronics Division",NX45T,PH3DJ-NX45T,,PH3,Alinco,brand_has_no_code_but_inferred_known
3154,"Alinco Incorporated, Electronics Division",S40T,PH3DJ-S40T,,PH3,Alinco,brand_has_no_code_but_inferred_known
3171,"Alinco Incorporated, Electronics Division",S45T,PH3DJ-S45T,,PH3,Alinco,brand_has_no_code_but_inferred_known
3149,"Alinco Incorporated, Electronics Division",V17T,PH3DJ-V17T,,PH3,Alinco,brand_has_no_code_but_inferred_known
3111,"Alinco Incorporated, Electronics Division",V27T,PH3DJ-V27T,,PH3,Alinco,brand_has_no_code_but_inferred_known
3125,"Alinco Incorporated, Electronics Division",V47T,PH3DJ-V47T,,PH3,Alinco,brand_has_no_code_but_inferred_known
3135,"Alinco Incorporated, Electronics Division",V57T,PH3DJ-V57T,,PH3,Alinco,brand_has_no_code_but_inferred_known
3128,"Alinco Incorporated, Electronics Division",VX50HT,PH3DJ-VX50HT,,PH3,Alinco,brand_has_no_code_but_inferred_known
3162,"Alinco Incorporated, Electronics Division",X100T,PH3DJ-X100T,,PH3,Alinco,brand_has_no_code_but_inferred_known
3129,"Alinco Incorporated, Electronics Division",X11T,PH3DJ-X11T,,PH3,Alinco,brand_has_no_code_but_inferred_known
3161,"Alinco Incorporated, Electronics Division",X30T,PH3DJ-X30T,,PH3,Alinco,brand_has_no_code_but_inferred_known
3107,"Alinco Incorporated, Electronics Division",X3T,PH3DJ-X3T,,PH3,Alinco,brand_has_no_code_but_inferred_known
3118,"Alinco Incorporated, Electronics Division",X7T,PH3DJ-X7T,,PH3,Alinco,brand_has_no_code_but_inferred_known
3166,"Alinco Incorporated, Electronics Division",XE972,PH3XE972,,PH3,Alinco,brand_has_no_code_but_inferred_known
3139,"Alinco Incorporated, Electronics Division",XE9721,PH3XE9721,,PH3,Alinco,brand_has_no_code_but_inferred_known
4519,Anytone,D890UV,T4KD890UV,2AJDM,T4K,"Qixiang Electron Science and Technology Co., Ltd",brand_code_differs_from_fcc
2306,Bridgecom,Maverick,T4KD890UV,,T4K,"Qixiang Electron Science and Technology Co., Ltd",brand_has_no_code_but_inferred_known
5402,Chan Long Electronics Co,4135,FNA44WCLS-4135,,FNA,Marantz,brand_has_no_code_but_inferred_known
4922,"Guangzhou Grandview Crystal Screen Co., Ltd.",MXXX,XH8SK-MXXX,,XH8,Connect Systems,brand_has_no_code_but_inferred_known
4918,"Guangzhou Grandview Crystal Screen Co., Ltd.",XH81GD868,XH81GD868,,XH8,Connect Systems,brand_has_no_code_but_inferred_known
4919,"Guangzhou Grandview Crystal Screen Co., Ltd.",XH81GD868B,XH81GD868B,,XH8,Connect Systems,brand_has_no_code_but_inferred_known
4920,"Guangzhou Grandview Crystal Screen Co., Ltd.",XH868MIR,XH868MIR,,XH8,Connect Systems,brand_has_no_code_but_inferred_known
4921,"Guangzhou Grandview Crystal Screen Co., Ltd.",XH8ES2W2,XH8ES2W2,,XH8,Connect Systems,brand_has_no_code_but_inferred_known
2345,Hongxun,DP4801,2AL5L-DP4801,,2AL5L,Tera,brand_has_no_code_but_inferred_known
2346,Hongxun,HP-788,2AL5L-HP-788,,2AL5L,Tera,brand_has_no_code_but_inferred_known
2347,Hongxun,R8,2AL5L-R8,,2AL5L,Tera,brand_has_no_code_but_inferred_known
4912,Interdyne,180-20,FRH435ZA-180-20,,FRH,Azden,brand_has_no_code_but_inferred_known
4913,Interdyne,181-8,FRH435ZA-181-8,,FRH,Azden,brand_has_no_code_but_inferred_known
4906,Interdyne,FRH4351548X1,FRH4351548X1,,FRH,Azden,brand_has_no_code_but_inferred_known
4907,Interdyne,FRH4351548X2,FRH4351548X2,,FRH,Azden,brand_has_no_code_but_inferred_known
4908,Interdyne,FRH4358320,FRH4358320,,FRH,Azden,brand_has_no_code_but_inferred_known
4909,Interdyne,FRH4358325,FRH4358325,,FRH,Azden,brand_has_no_code_but_inferred_known
4910,Interdyne,FRH4358372,FRH4358372,,FRH,Azden,brand_has_no_code_but_inferred_known
4911,Interdyne,FRH4358536,FRH4358536,,FRH,Azden,brand_has_no_code_but_inferred_known
2475,Iradio,CP-268,2AO8L-CP-268,,2AO8L,Luiton,brand_has_no_code_but_inferred_known
2476,Iradio,UV-98 Pro,2AO8L-UV-98PRO,,2AO8L,Luiton,brand_has_no_code_but_inferred_known
2477,Iradio,Y23DM-UV4R,2AO8L-Y23DM-UV4R,,2AO8L,Luiton,brand_has_no_code_but_inferred_known
5118,Kenwood USA Corporation,1,ALH9TKRZ-1,,ALH,Kenwood,brand_has_no_code_but_inferred_known
5231,Kenwood USA Corporation,10,ALH9TKVC-10,,ALH,Kenwood,brand_has_no_code_but_inferred_known
5135,Kenwood USA Corporation,100-1,ALH9TKTK-100-1,,ALH,Kenwood,brand_has_no_code_but_inferred_known
5136,Kenwood USA Corporation,100-2,ALH9TKTK-100-2,,ALH,Kenwood,brand_has_no_code_but_inferred_known
5137,Kenwood USA Corporation,100-3,ALH9TKTK-100-3,,ALH,Kenwood,brand_has_no_code_but_inferred_known
5365,Kenwood USA Corporation,107,ALHTKM-107,,ALH,Kenwood,brand_has_no_code_but_inferred_known
5366,Kenwood USA Corporation,107-1,ALHTKM-107-1,,ALH,Kenwood,brand_has_no_code_but_inferred_known
5115,Kenwood USA Corporation,10A,ALH9TKIF-10A,,ALH,Kenwood,brand_has_no_code_but_inferred_known
5116,Kenwood USA Corporation,10B,ALH9TKIF-10B,,ALH,Kenwood,brand_has_no_code_but_inferred_known
5222,Kenwood USA Corporation,140S,ALH9TKTS-140S,,ALH,Kenwood,brand_has_no_code_but_inferred_known
5232,Kenwood USA Corporation,20,ALH9TKVC-20,,ALH,Kenwood,brand_has_no_code_but_inferred_known
5138,Kenwood USA Corporation,200-1,ALH9TKTK-200-1,,ALH,Kenwood,brand_has_no_code_but_inferred_known
5139,Kenwood USA Corporation,200-2,ALH9TKTK-200-2,,ALH,Kenwood,brand_has_no_code_but_inferred_known
5194,Kenwood USA Corporation,201A,ALH9TKTM-201A,,ALH,Kenwood,brand_has_no_code_but_inferred_known
5195,Kenwood USA Corporation,201B,ALH9TKTM-201B,,ALH,Kenwood,brand_has_no_code_but_inferred_known
5119,Kenwood USA Corporation,205AT,ALH9TKTH-205AT,,ALH,Kenwood,brand_has_no_code_but_inferred_known
5192,Kenwood USA Corporation,207,ALH9TKTKM-207,,ALH,Kenwood,brand_has_no_code_but_inferred_known
5140,Kenwood USA Corporation,210-1,ALH9TKTK-210-1,,ALH,Kenwood,brand_has_no_code_but_inferred_known
5141,Kenwood USA Corporation,210-2,ALH9TKTK-210-2,,ALH,Kenwood,brand_has_no_code_but_inferred_known
5196,Kenwood USA Corporation,211A,ALH9TKTM-211A,,ALH,Kenwood,brand_has_no_code_but_inferred_known
5120,Kenwood USA Corporation,215A,ALH9TKTH-215A,,ALH,Kenwood,brand_has_no_code_but_inferred_known
5121,Kenwood USA Corporation,21A,ALH9TKTH-21A,,ALH,Kenwood,brand_has_no_code_but_inferred_known
5122,Kenwood USA Corporation,21AT,ALH9TKTH-21AT,,ALH,Kenwood,brand_has_no_code_but_inferred_known
5123,Kenwood USA Corporation,21BT,ALH9TKTH-21BT,,ALH,Kenwood,brand_has_no_code_but_inferred_known
5246,Kenwood USA Corporation,220-1,ALHTK-220-1,,ALH,Kenwood,brand_has_no_code_but_inferred_known
5197,Kenwood USA Corporation,221A,ALH9TKTM-221A,,ALH,Kenwood,brand_has_no_code_but_inferred_known
5235,Kenwood USA Corporation,225A,ALHTH-225A,,ALH,Kenwood,brand_has_no_code_but_inferred_known
5236,Kenwood USA Corporation,22AT,ALHTH-22AT,,ALH,Kenwood,brand_has_no_code_but_inferred_known
5247,Kenwood USA Corporation,230-1,ALHTK-230-1,,ALH,Kenwood,brand_has_no_code_but_inferred_known
5198,Kenwood USA Corporation,231A,ALH9TKTM-231A,,ALH,Kenwood,brand_has_no_code_but_inferred_known
5117,Kenwood USA Corporation,232C,ALH9TKIF-232C,,ALH,Kenwood,brand_has_no_code_but_inferred_known
5248,Kenwood USA Corporation,240-1,ALHTK-240-1,,ALH,Kenwood,brand_has_no_code_but_inferred_known
5249,Kenwood USA Corporation,240D-1,ALHTK-240D-1,,ALH,Kenwood,brand_has_no_code_but_inferred_known
5382,Kenwood USA Corporation,241A,ALHTM-241A,,ALH,Kenwood,brand_has_no_code_but_inferred_known
5250,Kenwood USA Corporation,248-1,ALHTK-248-1,,ALH,Kenwood,brand_has_no_code_but_inferred_known
5251,Kenwood USA Corporation,250-1,ALHTK-250-1,,ALH,Kenwood,brand_has_no_code_but_inferred_known
5252,Kenwood USA Corporation,250-2,ALHTK-250-2,,ALH,Kenwood,brand_has_no_code_but_inferred_known
5253,Kenwood USA Corporation,250G-1,ALHTK-250G-1,,ALH,Kenwood,brand_has_no_code_but_inferred_known
5254,Kenwood USA Corporation,250G-2,ALHTK-250G-2,,ALH,Kenwood,brand_has_no_code_but_inferred_known
5255,Kenwood USA Corporation,250N-1,ALHTK-250N-1,,ALH,Kenwood,brand_has_no_code_but_inferred_known
5199,Kenwood USA Corporation,2530A,ALH9TKTM-2530A,,ALH,Kenwood,brand_has_no_code_but_inferred_known
5200,Kenwood USA Corporation,2550A,ALH9TKTM-2550A,,ALH,Kenwood,brand_has_no_code_but_inferred_known
5201,Kenwood USA Corporation,2570A,ALH9TKTM-2570A,,ALH,Kenwood,brand_has_no_code_but_inferred_known
5124,Kenwood USA Corporation,25AT,ALH9TKTH-25AT,,ALH,Kenwood,brand_has_no_code_but_inferred_known
5214,Kenwood USA Corporation,2600A,ALH9TKTR-2600A,,ALH,Kenwood,brand_has_no_code_but_inferred_known
5237,Kenwood USA Corporation,26AT,ALHTH-26AT,,ALH,Kenwood,brand_has_no_code_but_inferred_known
5256,Kenwood USA Corporation,270-1,ALHTK-270-1,,ALH,Kenwood,brand_has_no_code_but_inferred_known
5257,Kenwood USA Corporation,270-2,ALHTK-270-2,,ALH,Kenwood,brand_has_no_code_but_inferred_known
5258,Kenwood USA Corporation,270N-1,ALHTK-270N-1,,ALH,Kenwood,brand_has_no_code_but_inferred_known
5259,Kenwood USA Corporation,270N-2,ALHTK-270N-2,,ALH,Kenwood,brand_has_no_code_but_inferred_known
5238,Kenwood USA Corporation,27A,ALHTH-27A,,ALH,Kenwood,brand_has_no_code_but_inferred_known
5239,Kenwood USA Corporation,28A,ALHTH-28A,,ALH,Kenwood,brand_has_no_code_but_inferred_known
5142,Kenwood USA Corporation,300-1,ALH9TKTK-300-1,,ALH,Kenwood,brand_has_no_code_but_inferred_known
5143,Kenwood USA Corporation,300-2,ALH9TKTK-300-2,,ALH,Kenwood,brand_has_no_code_but_inferred_known
5144,Kenwood USA Corporation,300-3,ALH9TKTK-300-3,,ALH,Kenwood,brand_has_no_code_but_inferred_known
5367,Kenwood USA Corporation,307,ALHTKM-307,,ALH,Kenwood,brand_has_no_code_but_inferred_known
5368,Kenwood USA Corporation,307-1,ALHTKM-307-1,,ALH,Kenwood,brand_has_no_code_but_inferred_known
5145,Kenwood USA Corporation,310-1,ALH9TKTK-310-1,,ALH,Kenwood,brand_has_no_code_but_inferred_known
5146,Kenwood USA Corporation,310-2,ALH9TKTK-310-2,,ALH,Kenwood,brand_has_no_code_but_inferred_known
5147,Kenwood USA Corporation,310-3,ALH9TKTK-310-3,,ALH,Kenwood,brand_has_no_code_but_inferred_known
5125,Kenwood USA Corporation,315A,ALH9TKTH-315A,,ALH,Kenwood,brand_has_no_code_but_inferred_known
5126,Kenwood USA Corporation,31A,ALH9TKTH-31A,,ALH,Kenwood,brand_has_no_code_but_inferred_known
5127,Kenwood USA Corporation,31AT,ALH9TKTH-31AT,,ALH,Kenwood,brand_has_no_code_but_inferred_known
5128,Kenwood USA Corporation,31BT,ALH9TKTH-31BT,,ALH,Kenwood,brand_has_no_code_but_inferred_known
5148,Kenwood USA Corporation,320-1,ALH9TKTK-320-1,,ALH,Kenwood,brand_has_no_code_but_inferred_known
5202,Kenwood USA Corporation,321A,ALH9TKTM-321A,,ALH,Kenwood,brand_has_no_code_but_inferred_known
5260,Kenwood USA Corporation,330-1,ALHTK-330-1,,ALH,Kenwood,brand_has_no_code_but_inferred_known
5261,Kenwood USA Corporation,330-2,ALHTK-330-2,,ALH,Kenwood,brand_has_no_code_but_inferred_known
5262,Kenwood USA Corporation,330-3,ALHTK-330-3,,ALH,Kenwood,brand_has_no_code_but_inferred_known
5203,Kenwood USA Corporation,331A,ALH9TKTM-331A,,ALH,Kenwood,brand_has_no_code_but_inferred_known
5263,Kenwood USA Corporation,340-1,ALHTK-340-1,,ALH,Kenwood,brand_has_no_code_but_inferred_known
5264,Kenwood USA Corporation,340-2,ALHTK-340-2,,ALH,Kenwood,brand_has_no_code_but_inferred_known
5265,Kenwood USA Corporation,340-3,ALHTK-340-3,,ALH,Kenwood,brand_has_no_code_but_inferred_known
5266,Kenwood USA Corporation,340-4,ALHTK-340-4,,ALH,Kenwood,brand_has_no_code_but_inferred_known
5267,Kenwood USA Corporation,340D-1,ALHTK-340D-1,,ALH,Kenwood,brand_has_no_code_but_inferred_known
5268,Kenwood USA Corporation,340D-2,ALHTK-340D-2,,ALH,Kenwood,brand_has_no_code_but_inferred_known
5269,Kenwood USA Corporation,340D-3,ALHTK-340D-3,,ALH,Kenwood,brand_has_no_code_but_inferred_known
5270,Kenwood USA Corporation,340D-4,ALHTK-340D-4,,ALH,Kenwood,brand_has_no_code_but_inferred_known
5271,Kenwood USA Corporation,348-1,ALHTK-348-1,,ALH,Kenwood,brand_has_no_code_but_inferred_known
5272,Kenwood USA Corporation,348-4,ALHTK-348-4,,ALH,Kenwood,brand_has_no_code_but_inferred_known
5215,Kenwood USA Corporation,3500,ALH9TKTR-3500,,ALH,Kenwood,brand_has_no_code_but_inferred_known
5273,Kenwood USA Corporation,350-1,ALHTK-350-1,,ALH,Kenwood,brand_has_no_code_but_inferred_known
5274,Kenwood USA Corporation,350-2,ALHTK-350-2,,ALH,Kenwood,brand_has_no_code_but_inferred_known
5275,Kenwood USA Corporation,350-3,ALHTK-350-3,,ALH,Kenwood,brand_has_no_code_but_inferred_known
5276,Kenwood USA Corporation,350-4,ALHTK-350-4,,ALH,Kenwood,brand_has_no_code_but_inferred_known
5277,Kenwood USA Corporation,350G-1,ALHTK-350G-1,,ALH,Kenwood,brand_has_no_code_but_inferred_known
5278,Kenwood USA Corporation,350G-2,ALHTK-350G-2,,ALH,Kenwood,brand_has_no_code_but_inferred_known
5279,Kenwood USA Corporation,350G-3,ALHTK-350G-3,,ALH,Kenwood,brand_has_no_code_but_inferred_known
5280,Kenwood USA Corporation,350G-4,ALHTK-350G-4,,ALH,Kenwood,brand_has_no_code_but_inferred_known
5281,Kenwood USA Corporation,350N-1,ALHTK-350N-1,,ALH,Kenwood,brand_has_no_code_but_inferred_known
5282,Kenwood USA Corporation,350N-2,ALHTK-350N-2,,ALH,Kenwood,brand_has_no_code_but_inferred_known
5283,Kenwood USA Corporation,350N-3,ALHTK-350N-3,,ALH,Kenwood,brand_has_no_code_but_inferred_known
5284,Kenwood USA Corporation,350N-4,ALHTK-350N-4,,ALH,Kenwood,brand_has_no_code_but_inferred_known
5204,Kenwood USA Corporation,3530A,ALH9TKTM-3530A,,ALH,Kenwood,brand_has_no_code_but_inferred_known
5216,Kenwood USA Corporation,3600A,ALH9TKTR-3600A,,ALH,Kenwood,brand_has_no_code_but_inferred_known
5285,Kenwood USA Corporation,370-1,ALHTK-370-1,,ALH,Kenwood,brand_has_no_code_but_inferred_known
5286,Kenwood USA Corporation,370-2,ALHTK-370-2,,ALH,Kenwood,brand_has_no_code_but_inferred_known
5287,Kenwood USA Corporation,370-3,ALHTK-370-3,,ALH,Kenwood,brand_has_no_code_but_inferred_known
5288,Kenwood USA Corporation,370-4,ALHTK-370-4,,ALH,Kenwood,brand_has_no_code_but_inferred_known
5289,Kenwood USA Corporation,370N-1,ALHTK-370N-1,,ALH,Kenwood,brand_has_no_code_but_inferred_known
5290,Kenwood USA Corporation,370N-2,ALHTK-370N-2,,ALH,Kenwood,brand_has_no_code_but_inferred_known
5291,Kenwood USA Corporation,370N-3,ALHTK-370N-3,,ALH,Kenwood,brand_has_no_code_but_inferred_known
5292,Kenwood USA Corporation,370N-4,ALHTK-370N-4,,ALH,Kenwood,brand_has_no_code_but_inferred_known
5229,Kenwood USA Corporation,4000A,ALH9TKTW-4000A,,ALH,Kenwood,brand_has_no_code_but_inferred_known
5205,Kenwood USA Corporation,401A,ALH9TKTM-401A,,ALH,Kenwood,brand_has_no_code_but_inferred_known
5206,Kenwood USA Corporation,401B,ALH9TKTM-401B,,ALH,Kenwood,brand_has_no_code_but_inferred_known
5193,Kenwood USA Corporation,407,ALH9TKTKM-407,,ALH,Kenwood,brand_has_no_code_but_inferred_known
5369,Kenwood USA Corporation,407-1,ALHTKM-407-1,,ALH,Kenwood,brand_has_no_code_but_inferred_known
5230,Kenwood USA Corporation,4100A,ALH9TKTW-4100A,,ALH,Kenwood,brand_has_no_code_but_inferred_known
5207,Kenwood USA Corporation,411A,ALH9TKTM-411A,,ALH,Kenwood,brand_has_no_code_but_inferred_known
5129,Kenwood USA Corporation,415A,ALH9TKTH-415A,,ALH,Kenwood,brand_has_no_code_but_inferred_known
5130,Kenwood USA Corporation,41A,ALH9TKTH-41A,,ALH,Kenwood,brand_has_no_code_but_inferred_known
5131,Kenwood USA Corporation,41AT,ALH9TKTH-41AT,,ALH,Kenwood,brand_has_no_code_but_inferred_known
5132,Kenwood USA Corporation,41BT,ALH9TKTH-41BT,,ALH,Kenwood,brand_has_no_code_but_inferred_known
5208,Kenwood USA Corporation,421A,ALH9TKTM-421A,,ALH,Kenwood,brand_has_no_code_but_inferred_known
5240,Kenwood USA Corporation,42AT,ALHTH-42AT,,ALH,Kenwood,brand_has_no_code_but_inferred_known
5293,Kenwood USA Corporation,430-1,ALHTK-430-1,,ALH,Kenwood,brand_has_no_code_but_inferred_known
5294,Kenwood USA Corporation,430-2,ALHTK-430-2,,ALH,Kenwood,brand_has_no_code_but_inferred_known
5295,Kenwood USA Corporation,431-1,ALHTK-431-1,,ALH,Kenwood,brand_has_no_code_but_inferred_known
5209,Kenwood USA Corporation,431A,ALH9TKTM-431A,,ALH,Kenwood,brand_has_no_code_but_inferred_known
5383,Kenwood USA Corporation,441A,ALHTM-441A,,ALH,Kenwood,brand_has_no_code_but_inferred_known
5233,Kenwood USA Corporation,4500G-1,ALHKSG-4500G-1,,ALH,Kenwood,brand_has_no_code_but_inferred_known
5234,Kenwood USA Corporation,4500G-4,ALHKSG-4500G-4,,ALH,Kenwood,brand_has_no_code_but_inferred_known
5390,Kenwood USA Corporation,450S,ALHTS-450S,,ALH,Kenwood,brand_has_no_code_but_inferred_known
5133,Kenwood USA Corporation,45AT,ALH9TKTH-45AT,,ALH,Kenwood,brand_has_no_code_but_inferred_known
5241,Kenwood USA Corporation,46AT,ALHTH-46AT,,ALH,Kenwood,brand_has_no_code_but_inferred_known
5242,Kenwood USA Corporation,47A,ALHTH-47A,,ALH,Kenwood,brand_has_no_code_but_inferred_known
5243,Kenwood USA Corporation,48A,ALHTH-48A,,ALH,Kenwood,brand_has_no_code_but_inferred_known
5370,Kenwood USA Corporation,507,ALHTKM-507,,ALH,Kenwood,brand_has_no_code_but_inferred_known
5371,Kenwood USA Corporation,507-1,ALHTKM-507-1,,ALH,Kenwood,brand_has_no_code_but_inferred_known
5149,Kenwood USA Corporation,601S-1,ALH9TKTK-601S-1,,ALH,Kenwood,brand_has_no_code_but_inferred_known
5150,Kenwood USA Corporation,601S-2,ALH9TKTK-601S-2,,ALH,Kenwood,brand_has_no_code_but_inferred_known
5151,Kenwood USA Corporation,601S-3,ALH9TKTK-601S-3,,ALH,Kenwood,brand_has_no_code_but_inferred_known
5152,Kenwood USA Corporation,620-1,ALH9TKTK-620-1,,ALH,Kenwood,brand_has_no_code_but_inferred_known
5153,Kenwood USA Corporation,620-2,ALH9TKTK-620-2,,ALH,Kenwood,brand_has_no_code_but_inferred_known
5154,Kenwood USA Corporation,620H-1,ALH9TKTK-620H-1,,ALH,Kenwood,brand_has_no_code_but_inferred_known
5155,Kenwood USA Corporation,620H-2,ALH9TKTK-620H-2,,ALH,Kenwood,brand_has_no_code_but_inferred_known
5210,Kenwood USA Corporation,621A,ALH9TKTM-621A,,ALH,Kenwood,brand_has_no_code_but_inferred_known
5211,Kenwood USA Corporation,621A1,ALH9TKTM-621A1,,ALH,Kenwood,brand_has_no_code_but_inferred_known
5156,Kenwood USA Corporation,622RH-1,ALH9TKTK-622RH-1,,ALH,Kenwood,brand_has_no_code_but_inferred_known
5157,Kenwood USA Corporation,622RH-2,ALH9TKTK-622RH-2,,ALH,Kenwood,brand_has_no_code_but_inferred_known
5296,Kenwood USA Corporation,630H-1,ALHTK-630H-1,,ALH,Kenwood,brand_has_no_code_but_inferred_known
5297,Kenwood USA Corporation,630H-2,ALHTK-630H-2,,ALH,Kenwood,brand_has_no_code_but_inferred_known
5298,Kenwood USA Corporation,630H-3,ALHTK-630H-3,,ALH,Kenwood,brand_has_no_code_but_inferred_known
5384,Kenwood USA Corporation,631A,ALHTM-631A,,ALH,Kenwood,brand_has_no_code_but_inferred_known
5223,Kenwood USA Corporation,670,ALH9TKTS-670,,ALH,Kenwood,brand_has_no_code_but_inferred_known
5224,Kenwood USA Corporation,680S,ALH9TKTS-680S,,ALH,Kenwood,brand_has_no_code_but_inferred_known
5391,Kenwood USA Corporation,690S,ALHTS-690S,,ALH,Kenwood,brand_has_no_code_but_inferred_known
5212,Kenwood USA Corporation,701A,ALH9TKTM-701A,,ALH,Kenwood,brand_has_no_code_but_inferred_known
5158,Kenwood USA Corporation,701S-1,ALH9TKTK-701S-1,,ALH,Kenwood,brand_has_no_code_but_inferred_known
5159,Kenwood USA Corporation,701S-2,ALH9TKTK-701S-2,,ALH,Kenwood,brand_has_no_code_but_inferred_known
5160,Kenwood USA Corporation,701S-3,ALH9TKTK-701S-3,,ALH,Kenwood,brand_has_no_code_but_inferred_known
5161,Kenwood USA Corporation,701S-4,ALH9TKTK-701S-4,,ALH,Kenwood,brand_has_no_code_but_inferred_known
5162,Kenwood USA Corporation,702R-1,ALH9TKTK-702R-1,,ALH,Kenwood,brand_has_no_code_but_inferred_known
5163,Kenwood USA Corporation,702R-2,ALH9TKTK-702R-2,,ALH,Kenwood,brand_has_no_code_but_inferred_known
5299,Kenwood USA Corporation,705-1,ALHTK-705-1,,ALH,Kenwood,brand_has_no_code_but_inferred_known
5300,Kenwood USA Corporation,705D-1,ALHTK-705D-1,,ALH,Kenwood,brand_has_no_code_but_inferred_known
5301,Kenwood USA Corporation,705DH-1,ALHTK-705DH-1,,ALH,Kenwood,brand_has_no_code_but_inferred_known
5372,Kenwood USA Corporation,707,ALHTKM-707,,ALH,Kenwood,brand_has_no_code_but_inferred_known
5302,Kenwood USA Corporation,708-1,ALHTK-708-1,,ALH,Kenwood,brand_has_no_code_but_inferred_known
5303,Kenwood USA Corporation,708H-1,ALHTK-708H-1,,ALH,Kenwood,brand_has_no_code_but_inferred_known
5164,Kenwood USA Corporation,710-1,ALH9TKTK-710-1,,ALH,Kenwood,brand_has_no_code_but_inferred_known
5165,Kenwood USA Corporation,710-2,ALH9TKTK-710-2,,ALH,Kenwood,brand_has_no_code_but_inferred_known
5225,Kenwood USA Corporation,711A,ALH9TKTS-711A,,ALH,Kenwood,brand_has_no_code_but_inferred_known
5166,Kenwood USA Corporation,720-1,ALH9TKTK-720-1,,ALH,Kenwood,brand_has_no_code_but_inferred_known
5167,Kenwood USA Corporation,720H-1,ALH9TKTK-720H-1,,ALH,Kenwood,brand_has_no_code_but_inferred_known
5373,Kenwood USA Corporation,720N-1,ALHTKR-720N-1,,ALH,Kenwood,brand_has_no_code_but_inferred_known
5213,Kenwood USA Corporation,721A,ALH9TKTM-721A,,ALH,Kenwood,brand_has_no_code_but_inferred_known
5168,Kenwood USA Corporation,722R-1,ALH9TKTK-722R-1,,ALH,Kenwood,brand_has_no_code_but_inferred_known
5169,Kenwood USA Corporation,722RH-1,ALH9TKTK-722RH-1,,ALH,Kenwood,brand_has_no_code_but_inferred_known
5304,Kenwood USA Corporation,730-1,ALHTK-730-1,,ALH,Kenwood,brand_has_no_code_but_inferred_known
5305,Kenwood USA Corporation,730G-1,ALHTK-730G-1,,ALH,Kenwood,brand_has_no_code_but_inferred_known
5306,Kenwood USA Corporation,730G-2,ALHTK-730G-2,,ALH,Kenwood,brand_has_no_code_but_inferred_known
5307,Kenwood USA Corporation,730H-1,ALHTK-730H-1,,ALH,Kenwood,brand_has_no_code_but_inferred_known
5308,Kenwood USA Corporation,730HG-1,ALHTK-730HG-1,,ALH,Kenwood,brand_has_no_code_but_inferred_known
5309,Kenwood USA Corporation,730M-1,ALHTK-730M-1,,ALH,Kenwood,brand_has_no_code_but_inferred_known
5385,Kenwood USA Corporation,731A,ALHTM-731A,,ALH,Kenwood,brand_has_no_code_but_inferred_known
5386,Kenwood USA Corporation,732A,ALHTM-732A,,ALH,Kenwood,brand_has_no_code_but_inferred_known
5387,Kenwood USA Corporation,741A,ALHTM-741A,,ALH,Kenwood,brand_has_no_code_but_inferred_known
5388,Kenwood USA Corporation,742A,ALHTM-742A,,ALH,Kenwood,brand_has_no_code_but_inferred_known
5217,Kenwood USA Corporation,751A,ALH9TKTR-751A,,ALH,Kenwood,brand_has_no_code_but_inferred_known
5134,Kenwood USA Corporation,75A,ALH9TKTH-75A,,ALH,Kenwood,brand_has_no_code_but_inferred_known
5310,Kenwood USA Corporation,760-1,ALHTK-760-1,,ALH,Kenwood,brand_has_no_code_but_inferred_known
5311,Kenwood USA Corporation,760-2,ALHTK-760-2,,ALH,Kenwood,brand_has_no_code_but_inferred_known
5312,Kenwood USA Corporation,760H-1,ALHTK-760H-1,,ALH,Kenwood,brand_has_no_code_but_inferred_known
5313,Kenwood USA Corporation,760H-2,ALHTK-760H-2,,ALH,Kenwood,brand_has_no_code_but_inferred_known
5244,Kenwood USA Corporation,77A,ALHTH-77A,,ALH,Kenwood,brand_has_no_code_but_inferred_known
5226,Kenwood USA Corporation,780,ALH9TKTS-780,,ALH,Kenwood,brand_has_no_code_but_inferred_known
5245,Kenwood USA Corporation,78A,ALHTH-78A,,ALH,Kenwood,brand_has_no_code_but_inferred_known
5227,Kenwood USA Corporation,790A,ALH9TKTS-790A,,ALH,Kenwood,brand_has_no_code_but_inferred_known
5218,Kenwood USA Corporation,7930,ALH9TKTR-7930,,ALH,Kenwood,brand_has_no_code_but_inferred_known
5219,Kenwood USA Corporation,7950,ALH9TKTR-7950,,ALH,Kenwood,brand_has_no_code_but_inferred_known
5170,Kenwood USA Corporation,801S,ALH9TKTK-801S,,ALH,Kenwood,brand_has_no_code_but_inferred_known
5171,Kenwood USA Corporation,801S-1,ALH9TKTK-801S-1,,ALH,Kenwood,brand_has_no_code_but_inferred_known
5172,Kenwood USA Corporation,801S-2,ALH9TKTK-801S-2,,ALH,Kenwood,brand_has_no_code_but_inferred_known
5173,Kenwood USA Corporation,801S-3,ALH9TKTK-801S-3,,ALH,Kenwood,brand_has_no_code_but_inferred_known
5174,Kenwood USA Corporation,802R-1,ALH9TKTK-802R-1,,ALH,Kenwood,brand_has_no_code_but_inferred_known
5175,Kenwood USA Corporation,802R-2,ALH9TKTK-802R-2,,ALH,Kenwood,brand_has_no_code_but_inferred_known
5176,Kenwood USA Corporation,802R-3,ALH9TKTK-802R-3,,ALH,Kenwood,brand_has_no_code_but_inferred_known
5314,Kenwood USA Corporation,805-1,ALHTK-805-1,,ALH,Kenwood,brand_has_no_code_but_inferred_known
5315,Kenwood USA Corporation,805-2,ALHTK-805-2,,ALH,Kenwood,brand_has_no_code_but_inferred_known
5316,Kenwood USA Corporation,805-3,ALHTK-805-3,,ALH,Kenwood,brand_has_no_code_but_inferred_known
5317,Kenwood USA Corporation,805-4,ALHTK-805-4,,ALH,Kenwood,brand_has_no_code_but_inferred_known
5318,Kenwood USA Corporation,805D-1,ALHTK-805D-1,,ALH,Kenwood,brand_has_no_code_but_inferred_known
5319,Kenwood USA Corporation,805D-2,ALHTK-805D-2,,ALH,Kenwood,brand_has_no_code_but_inferred_known
5320,Kenwood USA Corporation,805D-3,ALHTK-805D-3,,ALH,Kenwood,brand_has_no_code_but_inferred_known
5321,Kenwood USA Corporation,805D-4,ALHTK-805D-4,,ALH,Kenwood,brand_has_no_code_but_inferred_known
5322,Kenwood USA Corporation,805DH-1,ALHTK-805DH-1,,ALH,Kenwood,brand_has_no_code_but_inferred_known
5323,Kenwood USA Corporation,805DH-4,ALHTK-805DH-4,,ALH,Kenwood,brand_has_no_code_but_inferred_known
5324,Kenwood USA Corporation,806D-1,ALHTK-806D-1,,ALH,Kenwood,brand_has_no_code_but_inferred_known
5325,Kenwood USA Corporation,808-1,ALHTK-808-1,,ALH,Kenwood,brand_has_no_code_but_inferred_known
5326,Kenwood USA Corporation,808-4,ALHTK-808-4,,ALH,Kenwood,brand_has_no_code_but_inferred_known
5327,Kenwood USA Corporation,808H-1,ALHTK-808H-1,,ALH,Kenwood,brand_has_no_code_but_inferred_known
5328,Kenwood USA Corporation,808H-4,ALHTK-808H-4,,ALH,Kenwood,brand_has_no_code_but_inferred_known
5177,Kenwood USA Corporation,810-1,ALH9TKTK-810-1,,ALH,Kenwood,brand_has_no_code_but_inferred_known
5178,Kenwood USA Corporation,810-2,ALH9TKTK-810-2,,ALH,Kenwood,brand_has_no_code_but_inferred_known
5179,Kenwood USA Corporation,810-3,ALH9TKTK-810-3,,ALH,Kenwood,brand_has_no_code_but_inferred_known
5180,Kenwood USA Corporation,810L-1,ALH9TKTK-810L-1,,ALH,Kenwood,brand_has_no_code_but_inferred_known
5228,Kenwood USA Corporation,811A,ALH9TKTS-811A,,ALH,Kenwood,brand_has_no_code_but_inferred_known
5181,Kenwood USA Corporation,820-1,ALH9TKTK-820-1,,ALH,Kenwood,brand_has_no_code_but_inferred_known
5182,Kenwood USA Corporation,820-2,ALH9TKTK-820-2,,ALH,Kenwood,brand_has_no_code_but_inferred_known
5183,Kenwood USA Corporation,820-3,ALH9TKTK-820-3,,ALH,Kenwood,brand_has_no_code_but_inferred_known
5374,Kenwood USA Corporation,820-4,ALHTKR-820-4,,ALH,Kenwood,brand_has_no_code_but_inferred_known
5184,Kenwood USA Corporation,820H-1,ALH9TKTK-820H-1,,ALH,Kenwood,brand_has_no_code_but_inferred_known
5375,Kenwood USA Corporation,820N-1,ALHTKR-820N-1,,ALH,Kenwood,brand_has_no_code_but_inferred_known
5376,Kenwood USA Corporation,820N-2,ALHTKR-820N-2,,ALH,Kenwood,brand_has_no_code_but_inferred_known
5377,Kenwood USA Corporation,820N-3,ALHTKR-820N-3,,ALH,Kenwood,brand_has_no_code_but_inferred_known
5378,Kenwood USA Corporation,820N-4,ALHTKR-820N-4,,ALH,Kenwood,brand_has_no_code_but_inferred_known
5185,Kenwood USA Corporation,822R-1,ALH9TKTK-822R-1,,ALH,Kenwood,brand_has_no_code_but_inferred_known
5186,Kenwood USA Corporation,822R-2,ALH9TKTK-822R-2,,ALH,Kenwood,brand_has_no_code_but_inferred_known
5187,Kenwood USA Corporation,822R-3,ALH9TKTK-822R-3,,ALH,Kenwood,brand_has_no_code_but_inferred_known
5188,Kenwood USA Corporation,822RH-1,ALH9TKTK-822RH-1,,ALH,Kenwood,brand_has_no_code_but_inferred_known
5189,Kenwood USA Corporation,822RH-2,ALH9TKTK-822RH-2,,ALH,Kenwood,brand_has_no_code_but_inferred_known
5190,Kenwood USA Corporation,822RH-3,ALH9TKTK-822RH-3,,ALH,Kenwood,brand_has_no_code_but_inferred_known
5329,Kenwood USA Corporation,830-1,ALHTK-830-1,,ALH,Kenwood,brand_has_no_code_but_inferred_known
5330,Kenwood USA Corporation,830-2,ALHTK-830-2,,ALH,Kenwood,brand_has_no_code_but_inferred_known
5331,Kenwood USA Corporation,830-3,ALHTK-830-3,,ALH,Kenwood,brand_has_no_code_but_inferred_known
5332,Kenwood USA Corporation,830-4,ALHTK-830-4,,ALH,Kenwood,brand_has_no_code_but_inferred_known
5333,Kenwood USA Corporation,830G-1,ALHTK-830G-1,,ALH,Kenwood,brand_has_no_code_but_inferred_known
5334,Kenwood USA Corporation,830G-2,ALHTK-830G-2,,ALH,Kenwood,brand_has_no_code_but_inferred_known
5335,Kenwood USA Corporation,830G-3,ALHTK-830G-3,,ALH,Kenwood,brand_has_no_code_but_inferred_known
5336,Kenwood USA Corporation,830G-4,ALHTK-830G-4,,ALH,Kenwood,brand_has_no_code_but_inferred_known
5337,Kenwood USA Corporation,830H-1,ALHTK-830H-1,,ALH,Kenwood,brand_has_no_code_but_inferred_known
5338,Kenwood USA Corporation,830H-2,ALHTK-830H-2,,ALH,Kenwood,brand_has_no_code_but_inferred_known
5339,Kenwood USA Corporation,830H-3,ALHTK-830H-3,,ALH,Kenwood,brand_has_no_code_but_inferred_known
5340,Kenwood USA Corporation,830HG-1,ALHTK-830HG-1,,ALH,Kenwood,brand_has_no_code_but_inferred_known
5341,Kenwood USA Corporation,830HG-2,ALHTK-830HG-2,,ALH,Kenwood,brand_has_no_code_but_inferred_known
5342,Kenwood USA Corporation,830HG-3,ALHTK-830HG-3,,ALH,Kenwood,brand_has_no_code_but_inferred_known
5343,Kenwood USA Corporation,830M-1,ALHTK-830M-1,,ALH,Kenwood,brand_has_no_code_but_inferred_known
5344,Kenwood USA Corporation,840-1,ALHTK-840-1,,ALH,Kenwood,brand_has_no_code_but_inferred_known
5345,Kenwood USA Corporation,840-2,ALHTK-840-2,,ALH,Kenwood,brand_has_no_code_but_inferred_known
5346,Kenwood USA Corporation,840-3,ALHTK-840-3,,ALH,Kenwood,brand_has_no_code_but_inferred_known
5347,Kenwood USA Corporation,840N-1,ALHTK-840N-1,,ALH,Kenwood,brand_has_no_code_but_inferred_known
5348,Kenwood USA Corporation,840N-2,ALHTK-840N-2,,ALH,Kenwood,brand_has_no_code_but_inferred_known
5349,Kenwood USA Corporation,840N-3,ALHTK-840N-3,,ALH,Kenwood,brand_has_no_code_but_inferred_known
5220,Kenwood USA Corporation,851A,ALH9TKTR-851A,,ALH,Kenwood,brand_has_no_code_but_inferred_known
5350,Kenwood USA Corporation,860-1,ALHTK-860-1,,ALH,Kenwood,brand_has_no_code_but_inferred_known
5351,Kenwood USA Corporation,860-2,ALHTK-860-2,,ALH,Kenwood,brand_has_no_code_but_inferred_known
5352,Kenwood USA Corporation,860-3,ALHTK-860-3,,ALH,Kenwood,brand_has_no_code_but_inferred_known
5353,Kenwood USA Corporation,860-4,ALHTK-860-4,,ALH,Kenwood,brand_has_no_code_but_inferred_known
5354,Kenwood USA Corporation,860H-1,ALHTK-860H-1,,ALH,Kenwood,brand_has_no_code_but_inferred_known
5355,Kenwood USA Corporation,860H-2,ALHTK-860H-2,,ALH,Kenwood,brand_has_no_code_but_inferred_known
5356,Kenwood USA Corporation,860H-3,ALHTK-860H-3,,ALH,Kenwood,brand_has_no_code_but_inferred_known
5357,Kenwood USA Corporation,860H-4,ALHTK-860H-4,,ALH,Kenwood,brand_has_no_code_but_inferred_known
5379,Kenwood USA Corporation,900-1,ALHTKR-900-1,,ALH,Kenwood,brand_has_no_code_but_inferred_known
5380,Kenwood USA Corporation,900-2,ALHTKR-900-2,,ALH,Kenwood,brand_has_no_code_but_inferred_known
5381,Kenwood USA Corporation,901-1,ALHTKR-901-1,,ALH,Kenwood,brand_has_no_code_but_inferred_known
5191,Kenwood USA Corporation,901S,ALH9TKTK-901S,,ALH,Kenwood,brand_has_no_code_but_inferred_known
5358,Kenwood USA Corporation,930-1,ALHTK-930-1,,ALH,Kenwood,brand_has_no_code_but_inferred_known
5359,Kenwood USA Corporation,930H-1,ALHTK-930H-1,,ALH,Kenwood,brand_has_no_code_but_inferred_known
5360,Kenwood USA Corporation,930H-2,ALHTK-930H-2,,ALH,Kenwood,brand_has_no_code_but_inferred_known
5361,Kenwood USA Corporation,931-1,ALHTK-931-1,,ALH,Kenwood,brand_has_no_code_but_inferred_known
5362,Kenwood USA Corporation,931H-1,ALHTK-931H-1,,ALH,Kenwood,brand_has_no_code_but_inferred_known
5363,Kenwood USA Corporation,940-1,ALHTK-940-1,,ALH,Kenwood,brand_has_no_code_but_inferred_known
5364,Kenwood USA Corporation,941-1,ALHTK-941-1,,ALH,Kenwood,brand_has_no_code_but_inferred_known
5389,Kenwood USA Corporation,941A,ALHTM-941A,,ALH,Kenwood,brand_has_no_code_but_inferred_known
5221,Kenwood USA Corporation,9500,ALH9TKTR-9500,,ALH,Kenwood,brand_has_no_code_but_inferred_known
4950,Kenwood USA Corporation,ALH21893110,ALH21893110,,ALH,Kenwood,brand_has_no_code_but_inferred_known
4951,Kenwood USA Corporation,ALH219000,ALH219000,,ALH,Kenwood,brand_has_no_code_but_inferred_known
4952,Kenwood USA Corporation,ALH21903110,ALH21903110,,ALH,Kenwood,brand_has_no_code_but_inferred_known
4953,Kenwood USA Corporation,ALH21903120,ALH21903120,,ALH,Kenwood,brand_has_no_code_but_inferred_known
4954,Kenwood USA Corporation,ALH21903130,ALH21903130,,ALH,Kenwood,brand_has_no_code_but_inferred_known
4955,Kenwood USA Corporation,ALH22892130,ALH22892130,,ALH,Kenwood,brand_has_no_code_but_inferred_known
4956,Kenwood USA Corporation,ALH22923110,ALH22923110,,ALH,Kenwood,brand_has_no_code_but_inferred_known
4957,Kenwood USA Corporation,ALH22923120,ALH22923120,,ALH,Kenwood,brand_has_no_code_but_inferred_known
4958,Kenwood USA Corporation,ALH22923130,ALH22923130,,ALH,Kenwood,brand_has_no_code_but_inferred_known
4959,Kenwood USA Corporation,ALH22933110,ALH22933110,,ALH,Kenwood,brand_has_no_code_but_inferred_known
4960,Kenwood USA Corporation,ALH22933120,ALH22933120,,ALH,Kenwood,brand_has_no_code_but_inferred_known
4961,Kenwood USA Corporation,ALH22933210,ALH22933210,,ALH,Kenwood,brand_has_no_code_but_inferred_known
4962,Kenwood USA Corporation,ALH22943110,ALH22943110,,ALH,Kenwood,brand_has_no_code_but_inferred_known
4963,Kenwood USA Corporation,ALH22943120,ALH22943120,,ALH,Kenwood,brand_has_no_code_but_inferred_known
4964,Kenwood USA Corporation,ALH22943130,ALH22943130,,ALH,Kenwood,brand_has_no_code_but_inferred_known
4965,Kenwood USA Corporation,ALH22943210,ALH22943210,,ALH,Kenwood,brand_has_no_code_but_inferred_known
4966,Kenwood USA Corporation,ALH22961110,ALH22961110,,ALH,Kenwood,brand_has_no_code_but_inferred_known
4967,Kenwood USA Corporation,ALH229900,ALH229900,,ALH,Kenwood,brand_has_no_code_but_inferred_known
4968,Kenwood USA Corporation,ALH22992110,ALH22992110,,ALH,Kenwood,brand_has_no_code_but_inferred_known
4969,Kenwood USA Corporation,ALH23362130,ALH23362130,,ALH,Kenwood,brand_has_no_code_but_inferred_known
4970,Kenwood USA Corporation,ALH24563110,ALH24563110,,ALH,Kenwood,brand_has_no_code_but_inferred_known
4971,Kenwood USA Corporation,ALH245700,ALH245700,,ALH,Kenwood,brand_has_no_code_but_inferred_known
4972,Kenwood USA Corporation,ALH24572110,ALH24572110,,ALH,Kenwood,brand_has_no_code_but_inferred_known
4973,Kenwood USA Corporation,ALH24583110,ALH24583110,,ALH,Kenwood,brand_has_no_code_but_inferred_known
4974,Kenwood USA Corporation,ALH24583120,ALH24583120,,ALH,Kenwood,brand_has_no_code_but_inferred_known
4975,Kenwood USA Corporation,ALH24583210,ALH24583210,,ALH,Kenwood,brand_has_no_code_but_inferred_known
4976,Kenwood USA Corporation,ALH24583220,ALH24583220,,ALH,Kenwood,brand_has_no_code_but_inferred_known
4977,Kenwood USA Corporation,ALH24593110,ALH24593110,,ALH,Kenwood,brand_has_no_code_but_inferred_known
4978,Kenwood USA Corporation,ALH24593120,ALH24593120,,ALH,Kenwood,brand_has_no_code_but_inferred_known
4979,Kenwood USA Corporation,ALH24593130,ALH24593130,,ALH,Kenwood,brand_has_no_code_but_inferred_known
4980,Kenwood USA Corporation,ALH24593210,ALH24593210,,ALH,Kenwood,brand_has_no_code_but_inferred_known
4981,Kenwood USA Corporation,ALH24593220,ALH24593220,,ALH,Kenwood,brand_has_no_code_but_inferred_known
4982,Kenwood USA Corporation,ALH24593230,ALH24593230,,ALH,Kenwood,brand_has_no_code_but_inferred_known
4983,Kenwood USA Corporation,ALH24613110,ALH24613110,,ALH,Kenwood,brand_has_no_code_but_inferred_known
4984,Kenwood USA Corporation,ALH24613120,ALH24613120,,ALH,Kenwood,brand_has_no_code_but_inferred_known
4985,Kenwood USA Corporation,ALH24623110,ALH24623110,,ALH,Kenwood,brand_has_no_code_but_inferred_known
4986,Kenwood USA Corporation,ALH24623120,ALH24623120,,ALH,Kenwood,brand_has_no_code_but_inferred_known
4987,Kenwood USA Corporation,ALH24623130,ALH24623130,,ALH,Kenwood,brand_has_no_code_but_inferred_known
4988,Kenwood USA Corporation,ALH24673110,ALH24673110,,ALH,Kenwood,brand_has_no_code_but_inferred_known
4989,Kenwood USA Corporation,ALH26532110,ALH26532110,,ALH,Kenwood,brand_has_no_code_but_inferred_known
4990,Kenwood USA Corporation,ALH27293110,ALH27293110,,ALH,Kenwood,brand_has_no_code_but_inferred_known
4991,Kenwood USA Corporation,ALH27303110,ALH27303110,,ALH,Kenwood,brand_has_no_code_but_inferred_known
4992,Kenwood USA Corporation,ALH29351110,ALH29351110,,ALH,Kenwood,brand_has_no_code_but_inferred_known
4993,Kenwood USA Corporation,ALH29351120,ALH29351120,,ALH,Kenwood,brand_has_no_code_but_inferred_known
4994,Kenwood USA Corporation,ALH29373110,ALH29373110,,ALH,Kenwood,brand_has_no_code_but_inferred_known
4995,Kenwood USA Corporation,ALH29373120,ALH29373120,,ALH,Kenwood,brand_has_no_code_but_inferred_known
4996,Kenwood USA Corporation,ALH29373210,ALH29373210,,ALH,Kenwood,brand_has_no_code_but_inferred_known
4997,Kenwood USA Corporation,ALH29373220,ALH29373220,,ALH,Kenwood,brand_has_no_code_but_inferred_known
4998,Kenwood USA Corporation,ALH29383110,ALH29383110,,ALH,Kenwood,brand_has_no_code_but_inferred_known
4999,Kenwood USA Corporation,ALH29383120,ALH29383120,,ALH,Kenwood,brand_has_no_code_but_inferred_known
5000,Kenwood USA Corporation,ALH29383130,ALH29383130,,ALH,Kenwood,brand_has_no_code_but_inferred_known
5001,Kenwood USA Corporation,ALH29383210,ALH29383210,,ALH,Kenwood,brand_has_no_code_but_inferred_known
5002,Kenwood USA Corporation,ALH29383220,ALH29383220,,ALH,Kenwood,brand_has_no_code_but_inferred_known
5003,Kenwood USA Corporation,ALH29383230,ALH29383230,,ALH,Kenwood,brand_has_no_code_but_inferred_known
5004,Kenwood USA Corporation,ALH29432110,ALH29432110,,ALH,Kenwood,brand_has_no_code_but_inferred_known
5005,Kenwood USA Corporation,ALH29463110,ALH29463110,,ALH,Kenwood,brand_has_no_code_but_inferred_known
5006,Kenwood USA Corporation,ALH29463120,ALH29463120,,ALH,Kenwood,brand_has_no_code_but_inferred_known
5007,Kenwood USA Corporation,ALH29473110,ALH29473110,,ALH,Kenwood,brand_has_no_code_but_inferred_known
5008,Kenwood USA Corporation,ALH29473120,ALH29473120,,ALH,Kenwood,brand_has_no_code_but_inferred_known
5009,Kenwood USA Corporation,ALH29473130,ALH29473130,,ALH,Kenwood,brand_has_no_code_but_inferred_known
5010,Kenwood USA Corporation,ALH29473140,ALH29473140,,ALH,Kenwood,brand_has_no_code_but_inferred_known
5011,Kenwood USA Corporation,ALH29492110,ALH29492110,,ALH,Kenwood,brand_has_no_code_but_inferred_known
5012,Kenwood USA Corporation,ALH29521110,ALH29521110,,ALH,Kenwood,brand_has_no_code_but_inferred_known
5013,Kenwood USA Corporation,ALH29521120,ALH29521120,,ALH,Kenwood,brand_has_no_code_but_inferred_known
5014,Kenwood USA Corporation,ALH30633110,ALH30633110,,ALH,Kenwood,brand_has_no_code_but_inferred_known
5015,Kenwood USA Corporation,ALH30633120,ALH30633120,,ALH,Kenwood,brand_has_no_code_but_inferred_known
5016,Kenwood USA Corporation,ALH30633130,ALH30633130,,ALH,Kenwood,brand_has_no_code_but_inferred_known
5017,Kenwood USA Corporation,ALH30643110,ALH30643110,,ALH,Kenwood,brand_has_no_code_but_inferred_known
5018,Kenwood USA Corporation,ALH30643120,ALH30643120,,ALH,Kenwood,brand_has_no_code_but_inferred_known
5019,Kenwood USA Corporation,ALH30643130,ALH30643130,,ALH,Kenwood,brand_has_no_code_but_inferred_known
5020,Kenwood USA Corporation,ALH30913110,ALH30913110,,ALH,Kenwood,brand_has_no_code_but_inferred_known
5021,Kenwood USA Corporation,ALH30913120,ALH30913120,,ALH,Kenwood,brand_has_no_code_but_inferred_known
5022,Kenwood USA Corporation,ALH30923110,ALH30923110,,ALH,Kenwood,brand_has_no_code_but_inferred_known
5023,Kenwood USA Corporation,ALH30923120,ALH30923120,,ALH,Kenwood,brand_has_no_code_but_inferred_known
5024,Kenwood USA Corporation,ALH30923130,ALH30923130,,ALH,Kenwood,brand_has_no_code_but_inferred_known
5025,Kenwood USA Corporation,ALH30923140,ALH30923140,,ALH,Kenwood,brand_has_no_code_but_inferred_known
5026,Kenwood USA Corporation,ALH31103110,ALH31103110,,ALH,Kenwood,brand_has_no_code_but_inferred_known
5027,Kenwood USA Corporation,ALH31103120,ALH31103120,,ALH,Kenwood,brand_has_no_code_but_inferred_known
5028,Kenwood USA Corporation,ALH31113110,ALH31113110,,ALH,Kenwood,brand_has_no_code_but_inferred_known
5029,Kenwood USA Corporation,ALH31113120,ALH31113120,,ALH,Kenwood,brand_has_no_code_but_inferred_known
5030,Kenwood USA Corporation,ALH31113130,ALH31113130,,ALH,Kenwood,brand_has_no_code_but_inferred_known
5031,Kenwood USA Corporation,ALH31241110,ALH31241110,,ALH,Kenwood,brand_has_no_code_but_inferred_known
5032,Kenwood USA Corporation,ALH31251110,ALH31251110,,ALH,Kenwood,brand_has_no_code_but_inferred_known
5033,Kenwood USA Corporation,ALH32253110,ALH32253110,,ALH,Kenwood,brand_has_no_code_but_inferred_known
5034,Kenwood USA Corporation,ALH322601,ALH322601,,ALH,Kenwood,brand_has_no_code_but_inferred_known
5035,Kenwood USA Corporation,ALH322602,ALH322602,,ALH,Kenwood,brand_has_no_code_but_inferred_known
5036,Kenwood USA Corporation,ALH32263110,ALH32263110,,ALH,Kenwood,brand_has_no_code_but_inferred_known
5037,Kenwood USA Corporation,ALH32263120,ALH32263120,,ALH,Kenwood,brand_has_no_code_but_inferred_known
5038,Kenwood USA Corporation,ALH32263130,ALH32263130,,ALH,Kenwood,brand_has_no_code_but_inferred_known
5039,Kenwood USA Corporation,ALH32273110,ALH32273110,,ALH,Kenwood,brand_has_no_code_but_inferred_known
5040,Kenwood USA Corporation,ALH32283110,ALH32283110,,ALH,Kenwood,brand_has_no_code_but_inferred_known
5041,Kenwood USA Corporation,ALH32933210,ALH32933210,,ALH,Kenwood,brand_has_no_code_but_inferred_known
5042,Kenwood USA Corporation,ALH32933220,ALH32933220,,ALH,Kenwood,brand_has_no_code_but_inferred_known
5043,Kenwood USA Corporation,ALH32943210,ALH32943210,,ALH,Kenwood,brand_has_no_code_but_inferred_known
5044,Kenwood USA Corporation,ALH32943220,ALH32943220,,ALH,Kenwood,brand_has_no_code_but_inferred_known
5045,Kenwood USA Corporation,ALH32943230,ALH32943230,,ALH,Kenwood,brand_has_no_code_but_inferred_known
5046,Kenwood USA Corporation,ALH33063110,ALH33063110,,ALH,Kenwood,brand_has_no_code_but_inferred_known
5047,Kenwood USA Corporation,ALH33293110,ALH33293110,,ALH,Kenwood,brand_has_no_code_but_inferred_known
5048,Kenwood USA Corporation,ALH34703110,ALH34703110,,ALH,Kenwood,brand_has_no_code_but_inferred_known
5049,Kenwood USA Corporation,ALH34713110,ALH34713110,,ALH,Kenwood,brand_has_no_code_but_inferred_known
5050,Kenwood USA Corporation,ALH34713130,ALH34713130,,ALH,Kenwood,brand_has_no_code_but_inferred_known
5051,Kenwood USA Corporation,ALH35573110,ALH35573110,,ALH,Kenwood,brand_has_no_code_but_inferred_known
5052,Kenwood USA Corporation,ALH35583110,ALH35583110,,ALH,Kenwood,brand_has_no_code_but_inferred_known
5053,Kenwood USA Corporation,ALH35733110,ALH35733110,,ALH,Kenwood,brand_has_no_code_but_inferred_known
5054,Kenwood USA Corporation,ALH36023110,ALH36023110,,ALH,Kenwood,brand_has_no_code_but_inferred_known
5055,Kenwood USA Corporation,ALH36033110,ALH36033110,,ALH,Kenwood,brand_has_no_code_but_inferred_known
5056,Kenwood USA Corporation,ALH36061110,ALH36061110,,ALH,Kenwood,brand_has_no_code_but_inferred_known
5057,Kenwood USA Corporation,ALH36413110,ALH36413110,,ALH,Kenwood,brand_has_no_code_but_inferred_known
5058,Kenwood USA Corporation,ALH36423110,ALH36423110,,ALH,Kenwood,brand_has_no_code_but_inferred_known
5059,Kenwood USA Corporation,ALH36423120,ALH36423120,,ALH,Kenwood,brand_has_no_code_but_inferred_known
5060,Kenwood USA Corporation,ALH36423130,ALH36423130,,ALH,Kenwood,brand_has_no_code_but_inferred_known
5061,Kenwood USA Corporation,ALH36913120,ALH36913120,,ALH,Kenwood,brand_has_no_code_but_inferred_known
5062,Kenwood USA Corporation,ALH36913210,ALH36913210,,ALH,Kenwood,brand_has_no_code_but_inferred_known
5063,Kenwood USA Corporation,ALH36923130,ALH36923130,,ALH,Kenwood,brand_has_no_code_but_inferred_known
5064,Kenwood USA Corporation,ALH36923210,ALH36923210,,ALH,Kenwood,brand_has_no_code_but_inferred_known
5065,Kenwood USA Corporation,ALH36923220,ALH36923220,,ALH,Kenwood,brand_has_no_code_but_inferred_known
5066,Kenwood USA Corporation,ALH36923230,ALH36923230,,ALH,Kenwood,brand_has_no_code_but_inferred_known
5067,Kenwood USA Corporation,ALH37164110,ALH37164110,,ALH,Kenwood,brand_has_no_code_but_inferred_known
5068,Kenwood USA Corporation,ALH37323110,ALH37323110,,ALH,Kenwood,brand_has_no_code_but_inferred_known
5069,Kenwood USA Corporation,ALH37333110,ALH37333110,,ALH,Kenwood,brand_has_no_code_but_inferred_known
5070,Kenwood USA Corporation,ALH37333120,ALH37333120,,ALH,Kenwood,brand_has_no_code_but_inferred_known
5071,Kenwood USA Corporation,ALH37683110,ALH37683110,,ALH,Kenwood,brand_has_no_code_but_inferred_known
5072,Kenwood USA Corporation,ALH37693110,ALH37693110,,ALH,Kenwood,brand_has_no_code_but_inferred_known
5073,Kenwood USA Corporation,ALH37693120,ALH37693120,,ALH,Kenwood,brand_has_no_code_but_inferred_known
5074,Kenwood USA Corporation,ALH378400,ALH378400,,ALH,Kenwood,brand_has_no_code_but_inferred_known
5075,Kenwood USA Corporation,ALH378500,ALH378500,,ALH,Kenwood,brand_has_no_code_but_inferred_known
5076,Kenwood USA Corporation,ALH378501,ALH378501,,ALH,Kenwood,brand_has_no_code_but_inferred_known
5077,Kenwood USA Corporation,ALH383200,ALH383200,,ALH,Kenwood,brand_has_no_code_but_inferred_known
5078,Kenwood USA Corporation,ALH39913110,ALH39913110,,ALH,Kenwood,brand_has_no_code_but_inferred_known
5079,Kenwood USA Corporation,ALH39913120,ALH39913120,,ALH,Kenwood,brand_has_no_code_but_inferred_known
5080,Kenwood USA Corporation,ALH409000,ALH409000,,ALH,Kenwood,brand_has_no_code_but_inferred_known
5081,Kenwood USA Corporation,ALH409001,ALH409001,,ALH,Kenwood,brand_has_no_code_but_inferred_known
5082,Kenwood USA Corporation,ALH413500,ALH413500,,ALH,Kenwood,brand_has_no_code_but_inferred_known
5083,Kenwood USA Corporation,ALH413501,ALH413501,,ALH,Kenwood,brand_has_no_code_but_inferred_known
5084,Kenwood USA Corporation,ALH413600,ALH413600,,ALH,Kenwood,brand_has_no_code_but_inferred_known
5085,Kenwood USA Corporation,ALH413601,ALH413601,,ALH,Kenwood,brand_has_no_code_but_inferred_known
5086,Kenwood USA Corporation,ALH413602,ALH413602,,ALH,Kenwood,brand_has_no_code_but_inferred_known
5087,Kenwood USA Corporation,ALH413603,ALH413603,,ALH,Kenwood,brand_has_no_code_but_inferred_known
5088,Kenwood USA Corporation,ALH413700,ALH413700,,ALH,Kenwood,brand_has_no_code_but_inferred_known
5089,Kenwood USA Corporation,ALH413800,ALH413800,,ALH,Kenwood,brand_has_no_code_but_inferred_known
5090,Kenwood USA Corporation,ALH413801,ALH413801,,ALH,Kenwood,brand_has_no_code_but_inferred_known
5091,Kenwood USA Corporation,ALH415000,ALH415000,,ALH,Kenwood,brand_has_no_code_but_inferred_known
5092,Kenwood USA Corporation,ALH415100,ALH415100,,ALH,Kenwood,brand_has_no_code_but_inferred_known
5093,Kenwood USA Corporation,ALH415101,ALH415101,,ALH,Kenwood,brand_has_no_code_but_inferred_known
5094,Kenwood USA Corporation,ALH420700,ALH420700,,ALH,Kenwood,brand_has_no_code_but_inferred_known
5095,Kenwood USA Corporation,ALH423500,ALH423500,,ALH,Kenwood,brand_has_no_code_but_inferred_known
5096,Kenwood USA Corporation,ALH430900,ALH430900,,ALH,Kenwood,brand_has_no_code_but_inferred_known
5097,Kenwood USA Corporation,ALH431000,ALH431000,,ALH,Kenwood,brand_has_no_code_but_inferred_known
5098,Kenwood USA Corporation,ALH431001,ALH431001,,ALH,Kenwood,brand_has_no_code_but_inferred_known
5099,Kenwood USA Corporation,ALH434900,ALH434900,,ALH,Kenwood,brand_has_no_code_but_inferred_known
5100,Kenwood USA Corporation,ALH434901,ALH434901,,ALH,Kenwood,brand_has_no_code_but_inferred_known
5101,Kenwood USA Corporation,ALH435000,ALH435000,,ALH,Kenwood,brand_has_no_code_but_inferred_known
5102,Kenwood USA Corporation,ALH435001,ALH435001,,ALH,Kenwood,brand_has_no_code_but_inferred_known
5103,Kenwood USA Corporation,ALH435002,ALH435002,,ALH,Kenwood,brand_has_no_code_but_inferred_known
5104,Kenwood USA Corporation,ALH437200,ALH437200,,ALH,Kenwood,brand_has_no_code_but_inferred_known
5105,Kenwood USA Corporation,ALH437300,ALH437300,,ALH,Kenwood,brand_has_no_code_but_inferred_known
5106,Kenwood USA Corporation,ALH437301,ALH437301,,ALH,Kenwood,brand_has_no_code_but_inferred_known
5107,Kenwood USA Corporation,ALH442000,ALH442000,,ALH,Kenwood,brand_has_no_code_but_inferred_known
5108,Kenwood USA Corporation,ALH443700,ALH443700,,ALH,Kenwood,brand_has_no_code_but_inferred_known
5109,Kenwood USA Corporation,ALH443800,ALH443800,,ALH,Kenwood,brand_has_no_code_but_inferred_known
5110,Kenwood USA Corporation,ALH443801,ALH443801,,ALH,Kenwood,brand_has_no_code_but_inferred_known
5111,Kenwood USA Corporation,ALH458200,ALH458200,,ALH,Kenwood,brand_has_no_code_but_inferred_known
5112,Kenwood USA Corporation,ALH459700,ALH459700,,ALH,Kenwood,brand_has_no_code_but_inferred_known
5113,Kenwood USA Corporation,ALH460300,ALH460300,,ALH,Kenwood,brand_has_no_code_but_inferred_known
5114,Kenwood USA Corporation,ALH468800,ALH468800,,ALH,Kenwood,brand_has_no_code_but_inferred_known
5392,Kenwood USA Corporation,LF14,ALHUBZ-LF14,,ALH,Kenwood,brand_has_no_code_but_inferred_known
4417,"Lisheng (Fujian) Communications Co., Ltd.",K530,2BBCYK530,2AB2F,2BBCY,"Lisheng Communications Co., Ltd.",brand_code_differs_from_fcc
5409,Motorola,AZ489FC3725,AZ489FC3725,AZ489,AZ4,(no Brand row for inferred grantee),brand_code_differs_from_fcc
5410,Motorola,AZ489FC3734,AZ489FC3734,AZ489,AZ4,(no Brand row for inferred grantee),brand_code_differs_from_fcc
5411,Motorola,AZ489FC4603,AZ489FC4603,AZ489,AZ4,(no Brand row for inferred grantee),brand_code_differs_from_fcc
5412,Motorola,AZ489FC4773,AZ489FC4773,AZ489,AZ4,(no Brand row for inferred grantee),brand_code_differs_from_fcc
5413,Motorola,AZ489FC5646,AZ489FC5646,AZ489,AZ4,(no Brand row for inferred grantee),brand_code_differs_from_fcc
5414,Motorola,AZ489FC5742,AZ489FC5742,AZ489,AZ4,(no Brand row for inferred grantee),brand_code_differs_from_fcc
5415,Motorola,AZ489FR2603,AZ489FR2603,AZ489,AZ4,(no Brand row for inferred grantee),brand_code_differs_from_fcc
5416,Motorola,AZ489FR3630,AZ489FR3630,AZ489,AZ4,(no Brand row for inferred grantee),brand_code_differs_from_fcc
5417,Motorola,AZ489FR3645,AZ489FR3645,AZ489,AZ4,(no Brand row for inferred grantee),brand_code_differs_from_fcc
5418,Motorola,AZ489FR3659,AZ489FR3659,AZ489,AZ4,(no Brand row for inferred grantee),brand_code_differs_from_fcc
5419,Motorola,AZ489FR3666,AZ489FR3666,AZ489,AZ4,(no Brand row for inferred grantee),brand_code_differs_from_fcc
5420,Motorola,AZ489FR3687,AZ489FR3687,AZ489,AZ4,(no Brand row for inferred grantee),brand_code_differs_from_fcc
5421,Motorola,AZ489FR3688,AZ489FR3688,AZ489,AZ4,(no Brand row for inferred grantee),brand_code_differs_from_fcc
5422,Motorola,AZ489FR3703,AZ489FR3703,AZ489,AZ4,(no Brand row for inferred grantee),brand_code_differs_from_fcc
5423,Motorola,AZ489FR3704,AZ489FR3704,AZ489,AZ4,(no Brand row for inferred grantee),brand_code_differs_from_fcc
5424,Motorola,AZ489FR3735,AZ489FR3735,AZ489,AZ4,(no Brand row for inferred grantee),brand_code_differs_from_fcc
5425,Motorola,AZ489FR3737,AZ489FR3737,AZ489,AZ4,(no Brand row for inferred grantee),brand_code_differs_from_fcc
5426,Motorola,AZ489FR3740,AZ489FR3740,AZ489,AZ4,(no Brand row for inferred grantee),brand_code_differs_from_fcc
5427,Motorola,AZ489FR3741,AZ489FR3741,AZ489,AZ4,(no Brand row for inferred grantee),brand_code_differs_from_fcc
5428,Motorola,AZ489FR3759,AZ489FR3759,AZ489,AZ4,(no Brand row for inferred grantee),brand_code_differs_from_fcc
5429,Motorola,AZ489FR3761,AZ489FR3761,AZ489,AZ4,(no Brand row for inferred grantee),brand_code_differs_from_fcc
5430,Motorola,AZ489FR3767,AZ489FR3767,AZ489,AZ4,(no Brand row for inferred grantee),brand_code_differs_from_fcc
5431,Motorola,AZ489FR3787,AZ489FR3787,AZ489,AZ4,(no Brand row for inferred grantee),brand_code_differs_from_fcc
5432,Motorola,AZ489FR4809,AZ489FR4809,AZ489,AZ4,(no Brand row for inferred grantee),brand_code_differs_from_fcc
5433,Motorola,AZ489FT1618,AZ489FT1618,AZ489,AZ4,(no Brand row for inferred grantee),brand_code_differs_from_fcc
5434,Motorola,AZ489FT1622,AZ489FT1622,AZ489,AZ4,(no Brand row for inferred grantee),brand_code_differs_from_fcc
5435,Motorola,AZ489FT1623,AZ489FT1623,AZ489,AZ4,(no Brand row for inferred grantee),brand_code_differs_from_fcc
5436,Motorola,AZ489FT1625,AZ489FT1625,AZ489,AZ4,(no Brand row for inferred grantee),brand_code_differs_from_fcc
5437,Motorola,AZ489FT3631,AZ489FT3631,AZ489,AZ4,(no Brand row for inferred grantee),brand_code_differs_from_fcc
5438,Motorola,AZ489FT3639,AZ489FT3639,AZ489,AZ4,(no Brand row for inferred grantee),brand_code_differs_from_fcc
5439,Motorola,AZ489FT3642,AZ489FT3642,AZ489,AZ4,(no Brand row for inferred grantee),brand_code_differs_from_fcc
5440,Motorola,AZ489FT3643,AZ489FT3643,AZ489,AZ4,(no Brand row for inferred grantee),brand_code_differs_from_fcc
5441,Motorola,AZ489FT3644,AZ489FT3644,AZ489,AZ4,(no Brand row for inferred grantee),brand_code_differs_from_fcc
5442,Motorola,AZ489FT3648,AZ489FT3648,AZ489,AZ4,(no Brand row for inferred grantee),brand_code_differs_from_fcc
5443,Motorola,AZ489FT3670,AZ489FT3670,AZ489,AZ4,(no Brand row for inferred grantee),brand_code_differs_from_fcc
5444,Motorola,AZ489FT3671,AZ489FT3671,AZ489,AZ4,(no Brand row for inferred grantee),brand_code_differs_from_fcc
5445,Motorola,AZ489FT3672,AZ489FT3672,AZ489,AZ4,(no Brand row for inferred grantee),brand_code_differs_from_fcc
5446,Motorola,AZ489FT3673,AZ489FT3673,AZ489,AZ4,(no Brand row for inferred grantee),brand_code_differs_from_fcc
5447,Motorola,AZ489FT3674,AZ489FT3674,AZ489,AZ4,(no Brand row for inferred grantee),brand_code_differs_from_fcc
5448,Motorola,AZ489FT3675,AZ489FT3675,AZ489,AZ4,(no Brand row for inferred grantee),brand_code_differs_from_fcc
5449,Motorola,AZ489FT3699,AZ489FT3699,AZ489,AZ4,(no Brand row for inferred grantee),brand_code_differs_from_fcc
5450,Motorola,AZ489FT3700,AZ489FT3700,AZ489,AZ4,(no Brand row for inferred grantee),brand_code_differs_from_fcc
5451,Motorola,AZ489FT3701,AZ489FT3701,AZ489,AZ4,(no Brand row for inferred grantee),brand_code_differs_from_fcc
5452,Motorola,AZ489FT3702,AZ489FT3702,AZ489,AZ4,(no Brand row for inferred grantee),brand_code_differs_from_fcc
5453,Motorola,AZ489FT3710,AZ489FT3710,AZ489,AZ4,(no Brand row for inferred grantee),brand_code_differs_from_fcc
5454,Motorola,AZ489FT3711,AZ489FT3711,AZ489,AZ4,(no Brand row for inferred grantee),brand_code_differs_from_fcc
5455,Motorola,AZ489FT3714,AZ489FT3714,AZ489,AZ4,(no Brand row for inferred grantee),brand_code_differs_from_fcc
5456,Motorola,AZ489FT3715,AZ489FT3715,AZ489,AZ4,(no Brand row for inferred grantee),brand_code_differs_from_fcc
5457,Motorola,AZ489FT3716,AZ489FT3716,AZ489,AZ4,(no Brand row for inferred grantee),brand_code_differs_from_fcc
5458,Motorola,AZ489FT3717,AZ489FT3717,AZ489,AZ4,(no Brand row for inferred grantee),brand_code_differs_from_fcc
5459,Motorola,AZ489FT3721,AZ489FT3721,AZ489,AZ4,(no Brand row for inferred grantee),brand_code_differs_from_fcc
5460,Motorola,AZ489FT3722,AZ489FT3722,AZ489,AZ4,(no Brand row for inferred grantee),brand_code_differs_from_fcc
5461,Motorola,AZ489FT3723,AZ489FT3723,AZ489,AZ4,(no Brand row for inferred grantee),brand_code_differs_from_fcc
5462,Motorola,AZ489FT3724,AZ489FT3724,AZ489,AZ4,(no Brand row for inferred grantee),brand_code_differs_from_fcc
5463,Motorola,AZ489FT3728,AZ489FT3728,AZ489,AZ4,(no Brand row for inferred grantee),brand_code_differs_from_fcc
5464,Motorola,AZ489FT3729,AZ489FT3729,AZ489,AZ4,(no Brand row for inferred grantee),brand_code_differs_from_fcc
5465,Motorola,AZ489FT3760,AZ489FT3760,AZ489,AZ4,(no Brand row for inferred grantee),brand_code_differs_from_fcc
5466,Motorola,AZ489FT3762,AZ489FT3762,AZ489,AZ4,(no Brand row for inferred grantee),brand_code_differs_from_fcc
5467,Motorola,AZ489FT3763,AZ489FT3763,AZ489,AZ4,(no Brand row for inferred grantee),brand_code_differs_from_fcc
5468,Motorola,AZ489FT3764,AZ489FT3764,AZ489,AZ4,(no Brand row for inferred grantee),brand_code_differs_from_fcc
5469,Motorola,AZ489FT3765,AZ489FT3765,AZ489,AZ4,(no Brand row for inferred grantee),brand_code_differs_from_fcc
5470,Motorola,AZ489FT3768,AZ489FT3768,AZ489,AZ4,(no Brand row for inferred grantee),brand_code_differs_from_fcc
5471,Motorola,AZ489FT3769,AZ489FT3769,AZ489,AZ4,(no Brand row for inferred grantee),brand_code_differs_from_fcc
5472,Motorola,AZ489FT3770,AZ489FT3770,AZ489,AZ4,(no Brand row for inferred grantee),brand_code_differs_from_fcc
5473,Motorola,AZ489FT3776,AZ489FT3776,AZ489,AZ4,(no Brand row for inferred grantee),brand_code_differs_from_fcc
5474,Motorola,AZ489FT3779,AZ489FT3779,AZ489,AZ4,(no Brand row for inferred grantee),brand_code_differs_from_fcc
5475,Motorola,AZ489FT3782,AZ489FT3782,AZ489,AZ4,(no Brand row for inferred grantee),brand_code_differs_from_fcc
5476,Motorola,AZ489FT3784,AZ489FT3784,AZ489,AZ4,(no Brand row for inferred grantee),brand_code_differs_from_fcc
5477,Motorola,AZ489FT3785,AZ489FT3785,AZ489,AZ4,(no Brand row for inferred grantee),brand_code_differs_from_fcc
5478,Motorola,AZ489FT3786,AZ489FT3786,AZ489,AZ4,(no Brand row for inferred grantee),brand_code_differs_from_fcc
5479,Motorola,AZ489FT3789,AZ489FT3789,AZ489,AZ4,(no Brand row for inferred grantee),brand_code_differs_from_fcc
5480,Motorola,AZ489FT3790,AZ489FT3790,AZ489,AZ4,(no Brand row for inferred grantee),brand_code_differs_from_fcc
5481,Motorola,AZ489FT3793,AZ489FT3793,AZ489,AZ4,(no Brand row for inferred grantee),brand_code_differs_from_fcc
5482,Motorola,AZ489FT3794,AZ489FT3794,AZ489,AZ4,(no Brand row for inferred grantee),brand_code_differs_from_fcc
5483,Motorola,AZ489FT3797,AZ489FT3797,AZ489,AZ4,(no Brand row for inferred grantee),brand_code_differs_from_fcc
5484,Motorola,AZ489FT3798,AZ489FT3798,AZ489,AZ4,(no Brand row for inferred grantee),brand_code_differs_from_fcc
5485,Motorola,AZ489FT3799,AZ489FT3799,AZ489,AZ4,(no Brand row for inferred grantee),brand_code_differs_from_fcc
5486,Motorola,AZ489FT3801,AZ489FT3801,AZ489,AZ4,(no Brand row for inferred grantee),brand_code_differs_from_fcc
5487,Motorola,AZ489FT3803,AZ489FT3803,AZ489,AZ4,(no Brand row for inferred grantee),brand_code_differs_from_fcc
5488,Motorola,AZ489FT3804,AZ489FT3804,AZ489,AZ4,(no Brand row for inferred grantee),brand_code_differs_from_fcc
5489,Motorola,AZ489FT3807,AZ489FT3807,AZ489,AZ4,(no Brand row for inferred grantee),brand_code_differs_from_fcc
5490,Motorola,AZ489FT3809,AZ489FT3809,AZ489,AZ4,(no Brand row for inferred grantee),brand_code_differs_from_fcc
5491,Motorola,AZ489FT3810,AZ489FT3810,AZ489,AZ4,(no Brand row for inferred grantee),brand_code_differs_from_fcc
5492,Motorola,AZ489FT3811,AZ489FT3811,AZ489,AZ4,(no Brand row for inferred grantee),brand_code_differs_from_fcc
5493,Motorola,AZ489FT3814,AZ489FT3814,AZ489,AZ4,(no Brand row for inferred grantee),brand_code_differs_from_fcc
5494,Motorola,AZ489FT3815,AZ489FT3815,AZ489,AZ4,(no Brand row for inferred grantee),brand_code_differs_from_fcc
5495,Motorola,AZ489FT3817,AZ489FT3817,AZ489,AZ4,(no Brand row for inferred grantee),brand_code_differs_from_fcc
5496,Motorola,AZ489FT3818,AZ489FT3818,AZ489,AZ4,(no Brand row for inferred grantee),brand_code_differs_from_fcc
5497,Motorola,AZ489FT3819,AZ489FT3819,AZ489,AZ4,(no Brand row for inferred grantee),brand_code_differs_from_fcc
5498,Motorola,AZ489FT3820,AZ489FT3820,AZ489,AZ4,(no Brand row for inferred grantee),brand_code_differs_from_fcc
5499,Motorola,AZ489FT3822,AZ489FT3822,AZ489,AZ4,(no Brand row for inferred grantee),brand_code_differs_from_fcc
5500,Motorola,AZ489FT3823,AZ489FT3823,AZ489,AZ4,(no Brand row for inferred grantee),brand_code_differs_from_fcc
5501,Motorola,AZ489FT3824,AZ489FT3824,AZ489,AZ4,(no Brand row for inferred grantee),brand_code_differs_from_fcc
5502,Motorola,AZ489FT3825,AZ489FT3825,AZ489,AZ4,(no Brand row for inferred grantee),brand_code_differs_from_fcc
5503,Motorola,AZ489FT3828,AZ489FT3828,AZ489,AZ4,(no Brand row for inferred grantee),brand_code_differs_from_fcc
5504,Motorola,AZ489FT3829,AZ489FT3829,AZ489,AZ4,(no Brand row for inferred grantee),brand_code_differs_from_fcc
5505,Motorola,AZ489FT3830,AZ489FT3830,AZ489,AZ4,(no Brand row for inferred grantee),brand_code_differs_from_fcc
5506,Motorola,AZ489FT3831,AZ489FT3831,AZ489,AZ4,(no Brand row for inferred grantee),brand_code_differs_from_fcc
5507,Motorola,AZ489FT3832,AZ489FT3832,AZ489,AZ4,(no Brand row for inferred grantee),brand_code_differs_from_fcc
5508,Motorola,AZ489FT3833,AZ489FT3833,AZ489,AZ4,(no Brand row for inferred grantee),brand_code_differs_from_fcc
5509,Motorola,AZ489FT3834,AZ489FT3834,AZ489,AZ4,(no Brand row for inferred grantee),brand_code_differs_from_fcc
5510,Motorola,AZ489FT3835,AZ489FT3835,AZ489,AZ4,(no Brand row for inferred grantee),brand_code_differs_from_fcc
5511,Motorola,AZ489FT3836,AZ489FT3836,AZ489,AZ4,(no Brand row for inferred grantee),brand_code_differs_from_fcc
5512,Motorola,AZ489FT3837,AZ489FT3837,AZ489,AZ4,(no Brand row for inferred grantee),brand_code_differs_from_fcc
5513,Motorola,AZ489FT3844,AZ489FT3844,AZ489,AZ4,(no Brand row for inferred grantee),brand_code_differs_from_fcc
5514,Motorola,AZ489FT3845,AZ489FT3845,AZ489,AZ4,(no Brand row for inferred grantee),brand_code_differs_from_fcc
5515,Motorola,AZ489FT3847,AZ489FT3847,AZ489,AZ4,(no Brand row for inferred grantee),brand_code_differs_from_fcc
5516,Motorola,AZ489FT3848,AZ489FT3848,AZ489,AZ4,(no Brand row for inferred grantee),brand_code_differs_from_fcc
5517,Motorola,AZ489FT3849,AZ489FT3849,AZ489,AZ4,(no Brand row for inferred grantee),brand_code_differs_from_fcc
5518,Motorola,AZ489FT3850,AZ489FT3850,AZ489,AZ4,(no Brand row for inferred grantee),brand_code_differs_from_fcc
5519,Motorola,AZ489FT3851,AZ489FT3851,AZ489,AZ4,(no Brand row for inferred grantee),brand_code_differs_from_fcc
5520,Motorola,AZ489FT3852,AZ489FT3852,AZ489,AZ4,(no Brand row for inferred grantee),brand_code_differs_from_fcc
5521,Motorola,AZ489FT3855,AZ489FT3855,AZ489,AZ4,(no Brand row for inferred grantee),brand_code_differs_from_fcc
5522,Motorola,AZ489FT3856,AZ489FT3856,AZ489,AZ4,(no Brand row for inferred grantee),brand_code_differs_from_fcc
5523,Motorola,AZ489FT3857,AZ489FT3857,AZ489,AZ4,(no Brand row for inferred grantee),brand_code_differs_from_fcc
5524,Motorola,AZ489FT3858,AZ489FT3858,AZ489,AZ4,(no Brand row for inferred grantee),brand_code_differs_from_fcc
5525,Motorola,AZ489FT4608,AZ489FT4608,AZ489,AZ4,(no Brand row for inferred grantee),brand_code_differs_from_fcc
5526,Motorola,AZ489FT4609,AZ489FT4609,AZ489,AZ4,(no Brand row for inferred grantee),brand_code_differs_from_fcc
5527,Motorola,AZ489FT4620,AZ489FT4620,AZ489,AZ4,(no Brand row for inferred grantee),brand_code_differs_from_fcc
5528,Motorola,AZ489FT4627,AZ489FT4627,AZ489,AZ4,(no Brand row for inferred grantee),brand_code_differs_from_fcc
5529,Motorola,AZ489FT4628,AZ489FT4628,AZ489,AZ4,(no Brand row for inferred grantee),brand_code_differs_from_fcc
5530,Motorola,AZ489FT4629,AZ489FT4629,AZ489,AZ4,(no Brand row for inferred grantee),brand_code_differs_from_fcc
5531,Motorola,AZ489FT4638,AZ489FT4638,AZ489,AZ4,(no Brand row for inferred grantee),brand_code_differs_from_fcc
5532,Motorola,AZ489FT4653,AZ489FT4653,AZ489,AZ4,(no Brand row for inferred grantee),brand_code_differs_from_fcc
5533,Motorola,AZ489FT4654,AZ489FT4654,AZ489,AZ4,(no Brand row for inferred grantee),brand_code_differs_from_fcc
5534,Motorola,AZ489FT4655,AZ489FT4655,AZ489,AZ4,(no Brand row for inferred grantee),brand_code_differs_from_fcc
5535,Motorola,AZ489FT4656,AZ489FT4656,AZ489,AZ4,(no Brand row for inferred grantee),brand_code_differs_from_fcc
5536,Motorola,AZ489FT4657,AZ489FT4657,AZ489,AZ4,(no Brand row for inferred grantee),brand_code_differs_from_fcc
5537,Motorola,AZ489FT4658,AZ489FT4658,AZ489,AZ4,(no Brand row for inferred grantee),brand_code_differs_from_fcc
5538,Motorola,AZ489FT4693,AZ489FT4693,AZ489,AZ4,(no Brand row for inferred grantee),brand_code_differs_from_fcc
5539,Motorola,AZ489FT4694,AZ489FT4694,AZ489,AZ4,(no Brand row for inferred grantee),brand_code_differs_from_fcc
5540,Motorola,AZ489FT4695,AZ489FT4695,AZ489,AZ4,(no Brand row for inferred grantee),brand_code_differs_from_fcc
5541,Motorola,AZ489FT4696,AZ489FT4696,AZ489,AZ4,(no Brand row for inferred grantee),brand_code_differs_from_fcc
5542,Motorola,AZ489FT4699,AZ489FT4699,AZ489,AZ4,(no Brand row for inferred grantee),brand_code_differs_from_fcc
5543,Motorola,AZ489FT4700,AZ489FT4700,AZ489,AZ4,(no Brand row for inferred grantee),brand_code_differs_from_fcc
5544,Motorola,AZ489FT4701,AZ489FT4701,AZ489,AZ4,(no Brand row for inferred grantee),brand_code_differs_from_fcc
5545,Motorola,AZ489FT4702,AZ489FT4702,AZ489,AZ4,(no Brand row for inferred grantee),brand_code_differs_from_fcc
5546,Motorola,AZ489FT4703,AZ489FT4703,AZ489,AZ4,(no Brand row for inferred grantee),brand_code_differs_from_fcc
5547,Motorola,AZ489FT4711,AZ489FT4711,AZ489,AZ4,(no Brand row for inferred grantee),brand_code_differs_from_fcc
5548,Motorola,AZ489FT4712,AZ489FT4712,AZ489,AZ4,(no Brand row for inferred grantee),brand_code_differs_from_fcc
5549,Motorola,AZ489FT4714,AZ489FT4714,AZ489,AZ4,(no Brand row for inferred grantee),brand_code_differs_from_fcc
5550,Motorola,AZ489FT4715,AZ489FT4715,AZ489,AZ4,(no Brand row for inferred grantee),brand_code_differs_from_fcc
5551,Motorola,AZ489FT4717,AZ489FT4717,AZ489,AZ4,(no Brand row for inferred grantee),brand_code_differs_from_fcc
5552,Motorola,AZ489FT4718,AZ489FT4718,AZ489,AZ4,(no Brand row for inferred grantee),brand_code_differs_from_fcc
5553,Motorola,AZ489FT4719,AZ489FT4719,AZ489,AZ4,(no Brand row for inferred grantee),brand_code_differs_from_fcc
5554,Motorola,AZ489FT4720,AZ489FT4720,AZ489,AZ4,(no Brand row for inferred grantee),brand_code_differs_from_fcc
5555,Motorola,AZ489FT4721,AZ489FT4721,AZ489,AZ4,(no Brand row for inferred grantee),brand_code_differs_from_fcc
5556,Motorola,AZ489FT4722,AZ489FT4722,AZ489,AZ4,(no Brand row for inferred grantee),brand_code_differs_from_fcc
5557,Motorola,AZ489FT4723,AZ489FT4723,AZ489,AZ4,(no Brand row for inferred grantee),brand_code_differs_from_fcc
5558,Motorola,AZ489FT4724,AZ489FT4724,AZ489,AZ4,(no Brand row for inferred grantee),brand_code_differs_from_fcc
5559,Motorola,AZ489FT4733,AZ489FT4733,AZ489,AZ4,(no Brand row for inferred grantee),brand_code_differs_from_fcc
5560,Motorola,AZ489FT4739,AZ489FT4739,AZ489,AZ4,(no Brand row for inferred grantee),brand_code_differs_from_fcc
5561,Motorola,AZ489FT4740,AZ489FT4740,AZ489,AZ4,(no Brand row for inferred grantee),brand_code_differs_from_fcc
5562,Motorola,AZ489FT4742,AZ489FT4742,AZ489,AZ4,(no Brand row for inferred grantee),brand_code_differs_from_fcc
5563,Motorola,AZ489FT4767,AZ489FT4767,AZ489,AZ4,(no Brand row for inferred grantee),brand_code_differs_from_fcc
5564,Motorola,AZ489FT4768,AZ489FT4768,AZ489,AZ4,(no Brand row for inferred grantee),brand_code_differs_from_fcc
5565,Motorola,AZ489FT4774,AZ489FT4774,AZ489,AZ4,(no Brand row for inferred grantee),brand_code_differs_from_fcc
5566,Motorola,AZ489FT4775,AZ489FT4775,AZ489,AZ4,(no Brand row for inferred grantee),brand_code_differs_from_fcc
5567,Motorola,AZ489FT4780,AZ489FT4780,AZ489,AZ4,(no Brand row for inferred grantee),brand_code_differs_from_fcc
5568,Motorola,AZ489FT4781,AZ489FT4781,AZ489,AZ4,(no Brand row for inferred grantee),brand_code_differs_from_fcc
5569,Motorola,AZ489FT4782,AZ489FT4782,AZ489,AZ4,(no Brand row for inferred grantee),brand_code_differs_from_fcc
5570,Motorola,AZ489FT4783,AZ489FT4783,AZ489,AZ4,(no Brand row for inferred grantee),brand_code_differs_from_fcc
5571,Motorola,AZ489FT4791,AZ489FT4791,AZ489,AZ4,(no Brand row for inferred grantee),brand_code_differs_from_fcc
5572,Motorola,AZ489FT4792,AZ489FT4792,AZ489,AZ4,(no Brand row for inferred grantee),brand_code_differs_from_fcc
5573,Motorola,AZ489FT4793,AZ489FT4793,AZ489,AZ4,(no Brand row for inferred grantee),brand_code_differs_from_fcc
5574,Motorola,AZ489FT4794,AZ489FT4794,AZ489,AZ4,(no Brand row for inferred grantee),brand_code_differs_from_fcc
5575,Motorola,AZ489FT4795,AZ489FT4795,AZ489,AZ4,(no Brand row for inferred grantee),brand_code_differs_from_fcc
5576,Motorola,AZ489FT4799,AZ489FT4799,AZ489,AZ4,(no Brand row for inferred grantee),brand_code_differs_from_fcc
5577,Motorola,AZ489FT4800,AZ489FT4800,AZ489,AZ4,(no Brand row for inferred grantee),brand_code_differs_from_fcc
5578,Motorola,AZ489FT4802,AZ489FT4802,AZ489,AZ4,(no Brand row for inferred grantee),brand_code_differs_from_fcc
5579,Motorola,AZ489FT4804,AZ489FT4804,AZ489,AZ4,(no Brand row for inferred grantee),brand_code_differs_from_fcc
5580,Motorola,AZ489FT4805,AZ489FT4805,AZ489,AZ4,(no Brand row for inferred grantee),brand_code_differs_from_fcc
5581,Motorola,AZ489FT4806,AZ489FT4806,AZ489,AZ4,(no Brand row for inferred grantee),brand_code_differs_from_fcc
5582,Motorola,AZ489FT4807,AZ489FT4807,AZ489,AZ4,(no Brand row for inferred grantee),brand_code_differs_from_fcc
5583,Motorola,AZ489FT4810,AZ489FT4810,AZ489,AZ4,(no Brand row for inferred grantee),brand_code_differs_from_fcc
5584,Motorola,AZ489FT4811,AZ489FT4811,AZ489,AZ4,(no Brand row for inferred grantee),brand_code_differs_from_fcc
5585,Motorola,AZ489FT4816,AZ489FT4816,AZ489,AZ4,(no Brand row for inferred grantee),brand_code_differs_from_fcc
5586,Motorola,AZ489FT4817,AZ489FT4817,AZ489,AZ4,(no Brand row for inferred grantee),brand_code_differs_from_fcc
5587,Motorola,AZ489FT4818,AZ489FT4818,AZ489,AZ4,(no Brand row for inferred grantee),brand_code_differs_from_fcc
5588,Motorola,AZ489FT4821,AZ489FT4821,AZ489,AZ4,(no Brand row for inferred grantee),brand_code_differs_from_fcc
5589,Motorola,AZ489FT4822,AZ489FT4822,AZ489,AZ4,(no Brand row for inferred grantee),brand_code_differs_from_fcc
5590,Motorola,AZ489FT4824,AZ489FT4824,AZ489,AZ4,(no Brand row for inferred grantee),brand_code_differs_from_fcc
5591,Motorola,AZ489FT4826,AZ489FT4826,AZ489,AZ4,(no Brand row for inferred grantee),brand_code_differs_from_fcc
5592,Motorola,AZ489FT4827,AZ489FT4827,AZ489,AZ4,(no Brand row for inferred grantee),brand_code_differs_from_fcc
5593,Motorola,AZ489FT4828,AZ489FT4828,AZ489,AZ4,(no Brand row for inferred grantee),brand_code_differs_from_fcc
5594,Motorola,AZ489FT4831,AZ489FT4831,AZ489,AZ4,(no Brand row for inferred grantee),brand_code_differs_from_fcc
5595,Motorola,AZ489FT4832,AZ489FT4832,AZ489,AZ4,(no Brand row for inferred grantee),brand_code_differs_from_fcc
5596,Motorola,AZ489FT4833,AZ489FT4833,AZ489,AZ4,(no Brand row for inferred grantee),brand_code_differs_from_fcc
5597,Motorola,AZ489FT4834,AZ489FT4834,AZ489,AZ4,(no Brand row for inferred grantee),brand_code_differs_from_fcc
5598,Motorola,AZ489FT4837,AZ489FT4837,AZ489,AZ4,(no Brand row for inferred grantee),brand_code_differs_from_fcc
5599,Motorola,AZ489FT4838,AZ489FT4838,AZ489,AZ4,(no Brand row for inferred grantee),brand_code_differs_from_fcc
5600,Motorola,AZ489FT4839,AZ489FT4839,AZ489,AZ4,(no Brand row for inferred grantee),brand_code_differs_from_fcc
5601,Motorola,AZ489FT4840,AZ489FT4840,AZ489,AZ4,(no Brand row for inferred grantee),brand_code_differs_from_fcc
5602,Motorola,AZ489FT4841,AZ489FT4841,AZ489,AZ4,(no Brand row for inferred grantee),brand_code_differs_from_fcc
5603,Motorola,AZ489FT4844,AZ489FT4844,AZ489,AZ4,(no Brand row for inferred grantee),brand_code_differs_from_fcc
5604,Motorola,AZ489FT4845,AZ489FT4845,AZ489,AZ4,(no Brand row for inferred grantee),brand_code_differs_from_fcc
5605,Motorola,AZ489FT4850,AZ489FT4850,AZ489,AZ4,(no Brand row for inferred grantee),brand_code_differs_from_fcc
5606,Motorola,AZ489FT4851,AZ489FT4851,AZ489,AZ4,(no Brand row for inferred grantee),brand_code_differs_from_fcc
5607,Motorola,AZ489FT4852,AZ489FT4852,AZ489,AZ4,(no Brand row for inferred grantee),brand_code_differs_from_fcc
5608,Motorola,AZ489FT4853,AZ489FT4853,AZ489,AZ4,(no Brand row for inferred grantee),brand_code_differs_from_fcc
5609,Motorola,AZ489FT4855,AZ489FT4855,AZ489,AZ4,(no Brand row for inferred grantee),brand_code_differs_from_fcc
5610,Motorola,AZ489FT4857,AZ489FT4857,AZ489,AZ4,(no Brand row for inferred grantee),brand_code_differs_from_fcc
5611,Motorola,AZ489FT4858,AZ489FT4858,AZ489,AZ4,(no Brand row for inferred grantee),brand_code_differs_from_fcc
5612,Motorola,AZ489FT4860,AZ489FT4860,AZ489,AZ4,(no Brand row for inferred grantee),brand_code_differs_from_fcc
5613,Motorola,AZ489FT4861,AZ489FT4861,AZ489,AZ4,(no Brand row for inferred grantee),brand_code_differs_from_fcc
5614,Motorola,AZ489FT4863,AZ489FT4863,AZ489,AZ4,(no Brand row for inferred grantee),brand_code_differs_from_fcc
5615,Motorola,AZ489FT4864,AZ489FT4864,AZ489,AZ4,(no Brand row for inferred grantee),brand_code_differs_from_fcc
5616,Motorola,AZ489FT4865,AZ489FT4865,AZ489,AZ4,(no Brand row for inferred grantee),brand_code_differs_from_fcc
5617,Motorola,AZ489FT4866,AZ489FT4866,AZ489,AZ4,(no Brand row for inferred grantee),brand_code_differs_from_fcc
5618,Motorola,AZ489FT4868,AZ489FT4868,AZ489,AZ4,(no Brand row for inferred grantee),brand_code_differs_from_fcc
5619,Motorola,AZ489FT4869,AZ489FT4869,AZ489,AZ4,(no Brand row for inferred grantee),brand_code_differs_from_fcc
5620,Motorola,AZ489FT4871,AZ489FT4871,AZ489,AZ4,(no Brand row for inferred grantee),brand_code_differs_from_fcc
5621,Motorola,AZ489FT4872,AZ489FT4872,AZ489,AZ4,(no Brand row for inferred grantee),brand_code_differs_from_fcc
5622,Motorola,AZ489FT4873,AZ489FT4873,AZ489,AZ4,(no Brand row for inferred grantee),brand_code_differs_from_fcc
5623,Motorola,AZ489FT4874,AZ489FT4874,AZ489,AZ4,(no Brand row for inferred grantee),brand_code_differs_from_fcc
5624,Motorola,AZ489FT4876,AZ489FT4876,AZ489,AZ4,(no Brand row for inferred grantee),brand_code_differs_from_fcc
5625,Motorola,AZ489FT4878,AZ489FT4878,AZ489,AZ4,(no Brand row for inferred grantee),brand_code_differs_from_fcc
5626,Motorola,AZ489FT4879,AZ489FT4879,AZ489,AZ4,(no Brand row for inferred grantee),brand_code_differs_from_fcc
5627,Motorola,AZ489FT4880,AZ489FT4880,AZ489,AZ4,(no Brand row for inferred grantee),brand_code_differs_from_fcc
5628,Motorola,AZ489FT4881,AZ489FT4881,AZ489,AZ4,(no Brand row for inferred grantee),brand_code_differs_from_fcc
5629,Motorola,AZ489FT4882,AZ489FT4882,AZ489,AZ4,(no Brand row for inferred grantee),brand_code_differs_from_fcc
5630,Motorola,AZ489FT4883,AZ489FT4883,AZ489,AZ4,(no Brand row for inferred grantee),brand_code_differs_from_fcc
5631,Motorola,AZ489FT4884,AZ489FT4884,AZ489,AZ4,(no Brand row for inferred grantee),brand_code_differs_from_fcc
5632,Motorola,AZ489FT4885,AZ489FT4885,AZ489,AZ4,(no Brand row for inferred grantee),brand_code_differs_from_fcc
5633,Motorola,AZ489FT4886,AZ489FT4886,AZ489,AZ4,(no Brand row for inferred grantee),brand_code_differs_from_fcc
5634,Motorola,AZ489FT4888,AZ489FT4888,AZ489,AZ4,(no Brand row for inferred grantee),brand_code_differs_from_fcc
5635,Motorola,AZ489FT4891,AZ489FT4891,AZ489,AZ4,(no Brand row for inferred grantee),brand_code_differs_from_fcc
5636,Motorola,AZ489FT4892,AZ489FT4892,AZ489,AZ4,(no Brand row for inferred grantee),brand_code_differs_from_fcc
5637,Motorola,AZ489FT4893,AZ489FT4893,AZ489,AZ4,(no Brand row for inferred grantee),brand_code_differs_from_fcc
5638,Motorola,AZ489FT4899,AZ489FT4899,AZ489,AZ4,(no Brand row for inferred grantee),brand_code_differs_from_fcc
5639,Motorola,AZ489FT4900,AZ489FT4900,AZ489,AZ4,(no Brand row for inferred grantee),brand_code_differs_from_fcc
5640,Motorola,AZ489FT4902,AZ489FT4902,AZ489,AZ4,(no Brand row for inferred grantee),brand_code_differs_from_fcc
5641,Motorola,AZ489FT4903,AZ489FT4903,AZ489,AZ4,(no Brand row for inferred grantee),brand_code_differs_from_fcc
5642,Motorola,AZ489FT4905,AZ489FT4905,AZ489,AZ4,(no Brand row for inferred grantee),brand_code_differs_from_fcc
5643,Motorola,AZ489FT4906,AZ489FT4906,AZ489,AZ4,(no Brand row for inferred grantee),brand_code_differs_from_fcc
5644,Motorola,AZ489FT4907,AZ489FT4907,AZ489,AZ4,(no Brand row for inferred grantee),brand_code_differs_from_fcc
5645,Motorola,AZ489FT4908,AZ489FT4908,AZ489,AZ4,(no Brand row for inferred grantee),brand_code_differs_from_fcc
5646,Motorola,AZ489FT4909,AZ489FT4909,AZ489,AZ4,(no Brand row for inferred grantee),brand_code_differs_from_fcc
5647,Motorola,AZ489FT4910,AZ489FT4910,AZ489,AZ4,(no Brand row for inferred grantee),brand_code_differs_from_fcc
5648,Motorola,AZ489FT4911,AZ489FT4911,AZ489,AZ4,(no Brand row for inferred grantee),brand_code_differs_from_fcc
5649,Motorola,AZ489FT4912,AZ489FT4912,AZ489,AZ4,(no Brand row for inferred grantee),brand_code_differs_from_fcc
5650,Motorola,AZ489FT4913,AZ489FT4913,AZ489,AZ4,(no Brand row for inferred grantee),brand_code_differs_from_fcc
5651,Motorola,AZ489FT4914,AZ489FT4914,AZ489,AZ4,(no Brand row for inferred grantee),brand_code_differs_from_fcc
5652,Motorola,AZ489FT4917,AZ489FT4917,AZ489,AZ4,(no Brand row for inferred grantee),brand_code_differs_from_fcc
5653,Motorola,AZ489FT4918,AZ489FT4918,AZ489,AZ4,(no Brand row for inferred grantee),brand_code_differs_from_fcc
5654,Motorola,AZ489FT4920,AZ489FT4920,AZ489,AZ4,(no Brand row for inferred grantee),brand_code_differs_from_fcc
5655,Motorola,AZ489FT4922,AZ489FT4922,AZ489,AZ4,(no Brand row for inferred grantee),brand_code_differs_from_fcc
5656,Motorola,AZ489FT4923,AZ489FT4923,AZ489,AZ4,(no Brand row for inferred grantee),brand_code_differs_from_fcc
5657,Motorola,AZ489FT4924,AZ489FT4924,AZ489,AZ4,(no Brand row for inferred grantee),brand_code_differs_from_fcc
5658,Motorola,AZ489FT4925,AZ489FT4925,AZ489,AZ4,(no Brand row for inferred grantee),brand_code_differs_from_fcc
5659,Motorola,AZ489FT4926,AZ489FT4926,AZ489,AZ4,(no Brand row for inferred grantee),brand_code_differs_from_fcc
5660,Motorola,AZ489FT4927,AZ489FT4927,AZ489,AZ4,(no Brand row for inferred grantee),brand_code_differs_from_fcc
5661,Motorola,AZ489FT4928,AZ489FT4928,AZ489,AZ4,(no Brand row for inferred grantee),brand_code_differs_from_fcc
5662,Motorola,AZ489FT4929,AZ489FT4929,AZ489,AZ4,(no Brand row for inferred grantee),brand_code_differs_from_fcc
5663,Motorola,AZ489FT4930,AZ489FT4930,AZ489,AZ4,(no Brand row for inferred grantee),brand_code_differs_from_fcc
5664,Motorola,AZ489FT4931,AZ489FT4931,AZ489,AZ4,(no Brand row for inferred grantee),brand_code_differs_from_fcc
5665,Motorola,AZ489FT4932,AZ489FT4932,AZ489,AZ4,(no Brand row for inferred grantee),brand_code_differs_from_fcc
5666,Motorola,AZ489FT4945,AZ489FT4945,AZ489,AZ4,(no Brand row for inferred grantee),brand_code_differs_from_fcc
5667,Motorola,AZ489FT4947,AZ489FT4947,AZ489,AZ4,(no Brand row for inferred grantee),brand_code_differs_from_fcc
5668,Motorola,AZ489FT4948,AZ489FT4948,AZ489,AZ4,(no Brand row for inferred grantee),brand_code_differs_from_fcc
5669,Motorola,AZ489FT4949,AZ489FT4949,AZ489,AZ4,(no Brand row for inferred grantee),brand_code_differs_from_fcc
5670,Motorola,AZ489FT4950,AZ489FT4950,AZ489,AZ4,(no Brand row for inferred grantee),brand_code_differs_from_fcc
5671,Motorola,AZ489FT4952,AZ489FT4952,AZ489,AZ4,(no Brand row for inferred grantee),brand_code_differs_from_fcc
5672,Motorola,AZ489FT4953,AZ489FT4953,AZ489,AZ4,(no Brand row for inferred grantee),brand_code_differs_from_fcc
5673,Motorola,AZ489FT4955,AZ489FT4955,AZ489,AZ4,(no Brand row for inferred grantee),brand_code_differs_from_fcc
5674,Motorola,AZ489FT4956,AZ489FT4956,AZ489,AZ4,(no Brand row for inferred grantee),brand_code_differs_from_fcc
5675,Motorola,AZ489FT4957,AZ489FT4957,AZ489,AZ4,(no Brand row for inferred grantee),brand_code_differs_from_fcc
5676,Motorola,AZ489FT4958,AZ489FT4958,AZ489,AZ4,(no Brand row for inferred grantee),brand_code_differs_from_fcc
5677,Motorola,AZ489FT4959,AZ489FT4959,AZ489,AZ4,(no Brand row for inferred grantee),brand_code_differs_from_fcc
5678,Motorola,AZ489FT4960,AZ489FT4960,AZ489,AZ4,(no Brand row for inferred grantee),brand_code_differs_from_fcc
5679,Motorola,AZ489FT4961,AZ489FT4961,AZ489,AZ4,(no Brand row for inferred grantee),brand_code_differs_from_fcc
5680,Motorola,AZ489FT4962,AZ489FT4962,AZ489,AZ4,(no Brand row for inferred grantee),brand_code_differs_from_fcc
5681,Motorola,AZ489FT4963,AZ489FT4963,AZ489,AZ4,(no Brand row for inferred grantee),brand_code_differs_from_fcc
5682,Motorola,AZ489FT4964,AZ489FT4964,AZ489,AZ4,(no Brand row for inferred grantee),brand_code_differs_from_fcc
5683,Motorola,AZ489FT4965,AZ489FT4965,AZ489,AZ4,(no Brand row for inferred grantee),brand_code_differs_from_fcc
5684,Motorola,AZ489FT4966,AZ489FT4966,AZ489,AZ4,(no Brand row for inferred grantee),brand_code_differs_from_fcc
5685,Motorola,AZ489FT4968,AZ489FT4968,AZ489,AZ4,(no Brand row for inferred grantee),brand_code_differs_from_fcc
5686,Motorola,AZ489FT4969,AZ489FT4969,AZ489,AZ4,(no Brand row for inferred grantee),brand_code_differs_from_fcc
5687,Motorola,AZ489FT4970,AZ489FT4970,AZ489,AZ4,(no Brand row for inferred grantee),brand_code_differs_from_fcc
5688,Motorola,AZ489FT4971,AZ489FT4971,AZ489,AZ4,(no Brand row for inferred grantee),brand_code_differs_from_fcc
5689,Motorola,AZ489FT4972,AZ489FT4972,AZ489,AZ4,(no Brand row for inferred grantee),brand_code_differs_from_fcc
5690,Motorola,AZ489FT4973,AZ489FT4973,AZ489,AZ4,(no Brand row for inferred grantee),brand_code_differs_from_fcc
5691,Motorola,AZ489FT4977,AZ489FT4977,AZ489,AZ4,(no Brand row for inferred grantee),brand_code_differs_from_fcc
5692,Motorola,AZ489FT4978,AZ489FT4978,AZ489,AZ4,(no Brand row for inferred grantee),brand_code_differs_from_fcc
5693,Motorola,AZ489FT4979,AZ489FT4979,AZ489,AZ4,(no Brand row for inferred grantee),brand_code_differs_from_fcc
5694,Motorola,AZ489FT5629,AZ489FT5629,AZ489,AZ4,(no Brand row for inferred grantee),brand_code_differs_from_fcc
5695,Motorola,AZ489FT5636,AZ489FT5636,AZ489,AZ4,(no Brand row for inferred grantee),brand_code_differs_from_fcc
5696,Motorola,AZ489FT5637,AZ489FT5637,AZ489,AZ4,(no Brand row for inferred grantee),brand_code_differs_from_fcc
5697,Motorola,AZ489FT5638,AZ489FT5638,AZ489,AZ4,(no Brand row for inferred grantee),brand_code_differs_from_fcc
5698,Motorola,AZ489FT5644,AZ489FT5644,AZ489,AZ4,(no Brand row for inferred grantee),brand_code_differs_from_fcc
5699,Motorola,AZ489FT5645,AZ489FT5645,AZ489,AZ4,(no Brand row for inferred grantee),brand_code_differs_from_fcc
5700,Motorola,AZ489FT5667,AZ489FT5667,AZ489,AZ4,(no Brand row for inferred grantee),brand_code_differs_from_fcc
5701,Motorola,AZ489FT5674,AZ489FT5674,AZ489,AZ4,(no Brand row for inferred grantee),brand_code_differs_from_fcc
5702,Motorola,AZ489FT5675,AZ489FT5675,AZ489,AZ4,(no Brand row for inferred grantee),brand_code_differs_from_fcc
5703,Motorola,AZ489FT5678,AZ489FT5678,AZ489,AZ4,(no Brand row for inferred grantee),brand_code_differs_from_fcc
5704,Motorola,AZ489FT5679,AZ489FT5679,AZ489,AZ4,(no Brand row for inferred grantee),brand_code_differs_from_fcc
5705,Motorola,AZ489FT5680,AZ489FT5680,AZ489,AZ4,(no Brand row for inferred grantee),brand_code_differs_from_fcc
5706,Motorola,AZ489FT5681,AZ489FT5681,AZ489,AZ4,(no Brand row for inferred grantee),brand_code_differs_from_fcc
5707,Motorola,AZ489FT5701,AZ489FT5701,AZ489,AZ4,(no Brand row for inferred grantee),brand_code_differs_from_fcc
5708,Motorola,AZ489FT5724,AZ489FT5724,AZ489,AZ4,(no Brand row for inferred grantee),brand_code_differs_from_fcc
5709,Motorola,AZ489FT5730,AZ489FT5730,AZ489,AZ4,(no Brand row for inferred grantee),brand_code_differs_from_fcc
5710,Motorola,AZ489FT5731,AZ489FT5731,AZ489,AZ4,(no Brand row for inferred grantee),brand_code_differs_from_fcc
5711,Motorola,AZ489FT5732,AZ489FT5732,AZ489,AZ4,(no Brand row for inferred grantee),brand_code_differs_from_fcc
5712,Motorola,AZ489FT5741,AZ489FT5741,AZ489,AZ4,(no Brand row for inferred grantee),brand_code_differs_from_fcc
5713,Motorola,AZ489FT5747,AZ489FT5747,AZ489,AZ4,(no Brand row for inferred grantee),brand_code_differs_from_fcc
5714,Motorola,AZ489FT5748,AZ489FT5748,AZ489,AZ4,(no Brand row for inferred grantee),brand_code_differs_from_fcc
5715,Motorola,AZ489FT5749,AZ489FT5749,AZ489,AZ4,(no Brand row for inferred grantee),brand_code_differs_from_fcc
5716,Motorola,AZ489FT5750,AZ489FT5750,AZ489,AZ4,(no Brand row for inferred grantee),brand_code_differs_from_fcc
5717,Motorola,AZ489FT5756,AZ489FT5756,AZ489,AZ4,(no Brand row for inferred grantee),brand_code_differs_from_fcc
5718,Motorola,AZ489FT5757,AZ489FT5757,AZ489,AZ4,(no Brand row for inferred grantee),brand_code_differs_from_fcc
5719,Motorola,AZ489FT5760,AZ489FT5760,AZ489,AZ4,(no Brand row for inferred grantee),brand_code_differs_from_fcc
5720,Motorola,AZ489FT5762,AZ489FT5762,AZ489,AZ4,(no Brand row for inferred grantee),brand_code_differs_from_fcc
5721,Motorola,AZ489FT5763,AZ489FT5763,AZ489,AZ4,(no Brand row for inferred grantee),brand_code_differs_from_fcc
5722,Motorola,AZ489FT5764,AZ489FT5764,AZ489,AZ4,(no Brand row for inferred grantee),brand_code_differs_from_fcc
5723,Motorola,AZ489FT5767,AZ489FT5767,AZ489,AZ4,(no Brand row for inferred grantee),brand_code_differs_from_fcc
5724,Motorola,AZ489FT5768,AZ489FT5768,AZ489,AZ4,(no Brand row for inferred grantee),brand_code_differs_from_fcc
5725,Motorola,AZ489FT5769,AZ489FT5769,AZ489,AZ4,(no Brand row for inferred grantee),brand_code_differs_from_fcc
5726,Motorola,AZ489FT5771,AZ489FT5771,AZ489,AZ4,(no Brand row for inferred grantee),brand_code_differs_from_fcc
5727,Motorola,AZ489FT5772,AZ489FT5772,AZ489,AZ4,(no Brand row for inferred grantee),brand_code_differs_from_fcc
5728,Motorola,AZ489FT5774,AZ489FT5774,AZ489,AZ4,(no Brand row for inferred grantee),brand_code_differs_from_fcc
5729,Motorola,AZ489FT5776,AZ489FT5776,AZ489,AZ4,(no Brand row for inferred grantee),brand_code_differs_from_fcc
5730,Motorola,AZ489FT5777,AZ489FT5777,AZ489,AZ4,(no Brand row for inferred grantee),brand_code_differs_from_fcc
5731,Motorola,AZ489FT5781,AZ489FT5781,AZ489,AZ4,(no Brand row for inferred grantee),brand_code_differs_from_fcc
5732,Motorola,AZ489FT5783,AZ489FT5783,AZ489,AZ4,(no Brand row for inferred grantee),brand_code_differs_from_fcc
5733,Motorola,AZ489FT5787,AZ489FT5787,AZ489,AZ4,(no Brand row for inferred grantee),brand_code_differs_from_fcc
5734,Motorola,AZ489FT5789,AZ489FT5789,AZ489,AZ4,(no Brand row for inferred grantee),brand_code_differs_from_fcc
5735,Motorola,AZ489FT5791,AZ489FT5791,AZ489,AZ4,(no Brand row for inferred grantee),brand_code_differs_from_fcc
5736,Motorola,AZ489FT5792,AZ489FT5792,AZ489,AZ4,(no Brand row for inferred grantee),brand_code_differs_from_fcc
5737,Motorola,AZ489FT5793,AZ489FT5793,AZ489,AZ4,(no Brand row for inferred grantee),brand_code_differs_from_fcc
5738,Motorola,AZ489FT5794,AZ489FT5794,AZ489,AZ4,(no Brand row for inferred grantee),brand_code_differs_from_fcc
5739,Motorola,AZ489FT5795,AZ489FT5795,AZ489,AZ4,(no Brand row for inferred grantee),brand_code_differs_from_fcc
5740,Motorola,AZ489FT5796,AZ489FT5796,AZ489,AZ4,(no Brand row for inferred grantee),brand_code_differs_from_fcc
5741,Motorola,AZ489FT5797,AZ489FT5797,AZ489,AZ4,(no Brand row for inferred grantee),brand_code_differs_from_fcc
5742,Motorola,AZ489FT5798,AZ489FT5798,AZ489,AZ4,(no Brand row for inferred grantee),brand_code_differs_from_fcc
5743,Motorola,AZ489FT5799,AZ489FT5799,AZ489,AZ4,(no Brand row for inferred grantee),brand_code_differs_from_fcc
5744,Motorola,AZ489FT5800,AZ489FT5800,AZ489,AZ4,(no Brand row for inferred grantee),brand_code_differs_from_fcc
5745,Motorola,AZ489FT5801,AZ489FT5801,AZ489,AZ4,(no Brand row for inferred grantee),brand_code_differs_from_fcc
5746,Motorola,AZ489FT5803,AZ489FT5803,AZ489,AZ4,(no Brand row for inferred grantee),brand_code_differs_from_fcc
5747,Motorola,AZ489FT5804,AZ489FT5804,AZ489,AZ4,(no Brand row for inferred grantee),brand_code_differs_from_fcc
5748,Motorola,AZ489FT5805,AZ489FT5805,AZ489,AZ4,(no Brand row for inferred grantee),brand_code_differs_from_fcc
5749,Motorola,AZ489FT5806,AZ489FT5806,AZ489,AZ4,(no Brand row for inferred grantee),brand_code_differs_from_fcc
5750,Motorola,AZ489FT5807,AZ489FT5807,AZ489,AZ4,(no Brand row for inferred grantee),brand_code_differs_from_fcc
5751,Motorola,AZ489FT5808,AZ489FT5808,AZ489,AZ4,(no Brand row for inferred grantee),brand_code_differs_from_fcc
5752,Motorola,AZ489FT5811,AZ489FT5811,AZ489,AZ4,(no Brand row for inferred grantee),brand_code_differs_from_fcc
5753,Motorola,AZ489FT5815,AZ489FT5815,AZ489,AZ4,(no Brand row for inferred grantee),brand_code_differs_from_fcc
5754,Motorola,AZ489FT5816,AZ489FT5816,AZ489,AZ4,(no Brand row for inferred grantee),brand_code_differs_from_fcc
5755,Motorola,AZ489FT5817,AZ489FT5817,AZ489,AZ4,(no Brand row for inferred grantee),brand_code_differs_from_fcc
5756,Motorola,AZ489FT5818,AZ489FT5818,AZ489,AZ4,(no Brand row for inferred grantee),brand_code_differs_from_fcc
5757,Motorola,AZ489FT5820,AZ489FT5820,AZ489,AZ4,(no Brand row for inferred grantee),brand_code_differs_from_fcc
5758,Motorola,AZ489FT5822,AZ489FT5822,AZ489,AZ4,(no Brand row for inferred grantee),brand_code_differs_from_fcc
5759,Motorola,AZ489FT5824,AZ489FT5824,AZ489,AZ4,(no Brand row for inferred grantee),brand_code_differs_from_fcc
5760,Motorola,AZ489FT5825,AZ489FT5825,AZ489,AZ4,(no Brand row for inferred grantee),brand_code_differs_from_fcc
5761,Motorola,AZ489FT5827,AZ489FT5827,AZ489,AZ4,(no Brand row for inferred grantee),brand_code_differs_from_fcc
5762,Motorola,AZ489FT5828,AZ489FT5828,AZ489,AZ4,(no Brand row for inferred grantee),brand_code_differs_from_fcc
5763,Motorola,AZ489FT5829,AZ489FT5829,AZ489,AZ4,(no Brand row for inferred grantee),brand_code_differs_from_fcc
5764,Motorola,AZ489FT5830,AZ489FT5830,AZ489,AZ4,(no Brand row for inferred grantee),brand_code_differs_from_fcc
5765,Motorola,AZ489FT5831,AZ489FT5831,AZ489,AZ4,(no Brand row for inferred grantee),brand_code_differs_from_fcc
5766,Motorola,AZ489FT5832,AZ489FT5832,AZ489,AZ4,(no Brand row for inferred grantee),brand_code_differs_from_fcc
5767,Motorola,AZ489FT5833,AZ489FT5833,AZ489,AZ4,(no Brand row for inferred grantee),brand_code_differs_from_fcc
5768,Motorola,AZ489FT5834,AZ489FT5834,AZ489,AZ4,(no Brand row for inferred grantee),brand_code_differs_from_fcc
5769,Motorola,AZ489FT5835,AZ489FT5835,AZ489,AZ4,(no Brand row for inferred grantee),brand_code_differs_from_fcc
5770,Motorola,AZ489FT5836,AZ489FT5836,AZ489,AZ4,(no Brand row for inferred grantee),brand_code_differs_from_fcc
5771,Motorola,AZ489FT5837,AZ489FT5837,AZ489,AZ4,(no Brand row for inferred grantee),brand_code_differs_from_fcc
5772,Motorola,AZ489FT5838,AZ489FT5838,AZ489,AZ4,(no Brand row for inferred grantee),brand_code_differs_from_fcc
5773,Motorola,AZ489FT5839,AZ489FT5839,AZ489,AZ4,(no Brand row for inferred grantee),brand_code_differs_from_fcc
5774,Motorola,AZ489FT5841,AZ489FT5841,AZ489,AZ4,(no Brand row for inferred grantee),brand_code_differs_from_fcc
5775,Motorola,AZ489FT5842,AZ489FT5842,AZ489,AZ4,(no Brand row for inferred grantee),brand_code_differs_from_fcc
5776,Motorola,AZ489FT5843,AZ489FT5843,AZ489,AZ4,(no Brand row for inferred grantee),brand_code_differs_from_fcc
5777,Motorola,AZ489FT5844,AZ489FT5844,AZ489,AZ4,(no Brand row for inferred grantee),brand_code_differs_from_fcc
5778,Motorola,AZ489FT5845,AZ489FT5845,AZ489,AZ4,(no Brand row for inferred grantee),brand_code_differs_from_fcc
5779,Motorola,AZ489FT5846,AZ489FT5846,AZ489,AZ4,(no Brand row for inferred grantee),brand_code_differs_from_fcc
5780,Motorola,AZ489FT5848,AZ489FT5848,AZ489,AZ4,(no Brand row for inferred grantee),brand_code_differs_from_fcc
5781,Motorola,AZ489FT5849,AZ489FT5849,AZ489,AZ4,(no Brand row for inferred grantee),brand_code_differs_from_fcc
5782,Motorola,AZ489FT5852,AZ489FT5852,AZ489,AZ4,(no Brand row for inferred grantee),brand_code_differs_from_fcc
5783,Motorola,AZ489FT5853,AZ489FT5853,AZ489,AZ4,(no Brand row for inferred grantee),brand_code_differs_from_fcc
5784,Motorola,AZ489FT5855,AZ489FT5855,AZ489,AZ4,(no Brand row for inferred grantee),brand_code_differs_from_fcc
5785,Motorola,AZ489FT5856,AZ489FT5856,AZ489,AZ4,(no Brand row for inferred grantee),brand_code_differs_from_fcc
5786,Motorola,AZ489FT5859,AZ489FT5859,AZ489,AZ4,(no Brand row for inferred grantee),brand_code_differs_from_fcc
5787,Motorola,AZ489FT5860,AZ489FT5860,AZ489,AZ4,(no Brand row for inferred grantee),brand_code_differs_from_fcc
5788,Motorola,AZ489FT5861,AZ489FT5861,AZ489,AZ4,(no Brand row for inferred grantee),brand_code_differs_from_fcc
5789,Motorola,AZ489FT5863,AZ489FT5863,AZ489,AZ4,(no Brand row for inferred grantee),brand_code_differs_from_fcc
5790,Motorola,AZ489FT5864,AZ489FT5864,AZ489,AZ4,(no Brand row for inferred grantee),brand_code_differs_from_fcc
5791,Motorola,AZ489FT5866,AZ489FT5866,AZ489,AZ4,(no Brand row for inferred grantee),brand_code_differs_from_fcc
5792,Motorola,AZ489FT5867,AZ489FT5867,AZ489,AZ4,(no Brand row for inferred grantee),brand_code_differs_from_fcc
5793,Motorola,AZ489FT5868,AZ489FT5868,AZ489,AZ4,(no Brand row for inferred grantee),brand_code_differs_from_fcc
5794,Motorola,AZ489FT5870,AZ489FT5870,AZ489,AZ4,(no Brand row for inferred grantee),brand_code_differs_from_fcc
5795,Motorola,AZ489FT5871,AZ489FT5871,AZ489,AZ4,(no Brand row for inferred grantee),brand_code_differs_from_fcc
5796,Motorola,AZ489FT5874,AZ489FT5874,AZ489,AZ4,(no Brand row for inferred grantee),brand_code_differs_from_fcc
5797,Motorola,AZ489FT5875,AZ489FT5875,AZ489,AZ4,(no Brand row for inferred grantee),brand_code_differs_from_fcc
5798,Motorola,AZ489FT5876,AZ489FT5876,AZ489,AZ4,(no Brand row for inferred grantee),brand_code_differs_from_fcc
5799,Motorola,AZ489FT5877,AZ489FT5877,AZ489,AZ4,(no Brand row for inferred grantee),brand_code_differs_from_fcc
5800,Motorola,AZ489FT6000,AZ489FT6000,AZ489,AZ4,(no Brand row for inferred grantee),brand_code_differs_from_fcc
5801,Motorola,AZ489FT6009,AZ489FT6009,AZ489,AZ4,(no Brand row for inferred grantee),brand_code_differs_from_fcc
5802,Motorola,AZ489FT6014,AZ489FT6014,AZ489,AZ4,(no Brand row for inferred grantee),brand_code_differs_from_fcc
5803,Motorola,AZ489FT6015,AZ489FT6015,AZ489,AZ4,(no Brand row for inferred grantee),brand_code_differs_from_fcc
5804,Motorola,AZ489FT6018,AZ489FT6018,AZ489,AZ4,(no Brand row for inferred grantee),brand_code_differs_from_fcc
5805,Motorola,AZ489FT6019,AZ489FT6019,AZ489,AZ4,(no Brand row for inferred grantee),brand_code_differs_from_fcc
5806,Motorola,AZ489FT6020,AZ489FT6020,AZ489,AZ4,(no Brand row for inferred grantee),brand_code_differs_from_fcc
5807,Motorola,AZ489FT6023,AZ489FT6023,AZ489,AZ4,(no Brand row for inferred grantee),brand_code_differs_from_fcc
5808,Motorola,AZ489FT6024,AZ489FT6024,AZ489,AZ4,(no Brand row for inferred grantee),brand_code_differs_from_fcc
5809,Motorola,AZ489FT6028,AZ489FT6028,AZ489,AZ4,(no Brand row for inferred grantee),brand_code_differs_from_fcc
5810,Motorola,AZ489FT7001,AZ489FT7001,AZ489,AZ4,(no Brand row for inferred grantee),brand_code_differs_from_fcc
5811,Motorola,AZ489FT7002,AZ489FT7002,AZ489,AZ4,(no Brand row for inferred grantee),brand_code_differs_from_fcc
5812,Motorola,AZ489FT7003,AZ489FT7003,AZ489,AZ4,(no Brand row for inferred grantee),brand_code_differs_from_fcc
5813,Motorola,AZ489FT7004,AZ489FT7004,AZ489,AZ4,(no Brand row for inferred grantee),brand_code_differs_from_fcc
5814,Motorola,AZ489FT7005,AZ489FT7005,AZ489,AZ4,(no Brand row for inferred grantee),brand_code_differs_from_fcc
5815,Motorola,AZ489FT7006,AZ489FT7006,AZ489,AZ4,(no Brand row for inferred grantee),brand_code_differs_from_fcc
5816,Motorola,AZ489FT7007,AZ489FT7007,AZ489,AZ4,(no Brand row for inferred grantee),brand_code_differs_from_fcc
5817,Motorola,AZ489FT7008,AZ489FT7008,AZ489,AZ4,(no Brand row for inferred grantee),brand_code_differs_from_fcc
5818,Motorola,AZ489FT7010,AZ489FT7010,AZ489,AZ4,(no Brand row for inferred grantee),brand_code_differs_from_fcc
5819,Motorola,AZ489FT7011,AZ489FT7011,AZ489,AZ4,(no Brand row for inferred grantee),brand_code_differs_from_fcc
5820,Motorola,AZ489FT7012,AZ489FT7012,AZ489,AZ4,(no Brand row for inferred grantee),brand_code_differs_from_fcc
5821,Motorola,AZ489FT7015,AZ489FT7015,AZ489,AZ4,(no Brand row for inferred grantee),brand_code_differs_from_fcc
5822,Motorola,AZ489FT7016,AZ489FT7016,AZ489,AZ4,(no Brand row for inferred grantee),brand_code_differs_from_fcc
5823,Motorola,AZ489FT7017,AZ489FT7017,AZ489,AZ4,(no Brand row for inferred grantee),brand_code_differs_from_fcc
5824,Motorola,AZ489FT7018,AZ489FT7018,AZ489,AZ4,(no Brand row for inferred grantee),brand_code_differs_from_fcc
5825,Motorola,AZ489FT7019,AZ489FT7019,AZ489,AZ4,(no Brand row for inferred grantee),brand_code_differs_from_fcc
5826,Motorola,AZ489FT7020,AZ489FT7020,AZ489,AZ4,(no Brand row for inferred grantee),brand_code_differs_from_fcc
5827,Motorola,AZ489FT7022,AZ489FT7022,AZ489,AZ4,(no Brand row for inferred grantee),brand_code_differs_from_fcc
5828,Motorola,AZ489FT7023,AZ489FT7023,AZ489,AZ4,(no Brand row for inferred grantee),brand_code_differs_from_fcc
5829,Motorola,AZ489FT7024,AZ489FT7024,AZ489,AZ4,(no Brand row for inferred grantee),brand_code_differs_from_fcc
5830,Motorola,AZ489FT7027,AZ489FT7027,AZ489,AZ4,(no Brand row for inferred grantee),brand_code_differs_from_fcc
5831,Motorola,AZ489FT7028,AZ489FT7028,AZ489,AZ4,(no Brand row for inferred grantee),brand_code_differs_from_fcc
5832,Motorola,AZ489FT7030,AZ489FT7030,AZ489,AZ4,(no Brand row for inferred grantee),brand_code_differs_from_fcc
5833,Motorola,AZ489FT7031,AZ489FT7031,AZ489,AZ4,(no Brand row for inferred grantee),brand_code_differs_from_fcc
5834,Motorola,AZ489FT7032,AZ489FT7032,AZ489,AZ4,(no Brand row for inferred grantee),brand_code_differs_from_fcc
5835,Motorola,AZ489FT7036,AZ489FT7036,AZ489,AZ4,(no Brand row for inferred grantee),brand_code_differs_from_fcc
5836,Motorola,AZ489FT7038,AZ489FT7038,AZ489,AZ4,(no Brand row for inferred grantee),brand_code_differs_from_fcc
5837,Motorola,AZ489FT7040,AZ489FT7040,AZ489,AZ4,(no Brand row for inferred grantee),brand_code_differs_from_fcc
5838,Motorola,AZ489FT7042,AZ489FT7042,AZ489,AZ4,(no Brand row for inferred grantee),brand_code_differs_from_fcc
5839,Motorola,AZ489FT7049,AZ489FT7049,AZ489,AZ4,(no Brand row for inferred grantee),brand_code_differs_from_fcc
5840,Motorola,AZ489FT7050,AZ489FT7050,AZ489,AZ4,(no Brand row for inferred grantee),brand_code_differs_from_fcc
5841,Motorola,AZ489FT7051,AZ489FT7051,AZ489,AZ4,(no Brand row for inferred grantee),brand_code_differs_from_fcc
5842,Motorola,AZ489FT7052,AZ489FT7052,AZ489,AZ4,(no Brand row for inferred grantee),brand_code_differs_from_fcc
5843,Motorola,AZ489FT7057,AZ489FT7057,AZ489,AZ4,(no Brand row for inferred grantee),brand_code_differs_from_fcc
5844,Motorola,AZ489FT7059,AZ489FT7059,AZ489,AZ4,(no Brand row for inferred grantee),brand_code_differs_from_fcc
5845,Motorola,AZ489FT7061,AZ489FT7061,AZ489,AZ4,(no Brand row for inferred grantee),brand_code_differs_from_fcc
5846,Motorola,AZ489FT7062,AZ489FT7062,AZ489,AZ4,(no Brand row for inferred grantee),brand_code_differs_from_fcc
5847,Motorola,AZ489FT7063,AZ489FT7063,AZ489,AZ4,(no Brand row for inferred grantee),brand_code_differs_from_fcc
5848,Motorola,AZ489FT7065,AZ489FT7065,AZ489,AZ4,(no Brand row for inferred grantee),brand_code_differs_from_fcc
5849,Motorola,AZ489FT7066,AZ489FT7066,AZ489,AZ4,(no Brand row for inferred grantee),brand_code_differs_from_fcc
5850,Motorola,AZ489FT7067,AZ489FT7067,AZ489,AZ4,(no Brand row for inferred grantee),brand_code_differs_from_fcc
5851,Motorola,AZ489FT7068,AZ489FT7068,AZ489,AZ4,(no Brand row for inferred grantee),brand_code_differs_from_fcc
5852,Motorola,AZ489FT7069,AZ489FT7069,AZ489,AZ4,(no Brand row for inferred grantee),brand_code_differs_from_fcc
5853,Motorola,AZ489FT7072,AZ489FT7072,AZ489,AZ4,(no Brand row for inferred grantee),brand_code_differs_from_fcc
5854,Motorola,AZ489FT7073,AZ489FT7073,AZ489,AZ4,(no Brand row for inferred grantee),brand_code_differs_from_fcc
5855,Motorola,AZ489FT7074,AZ489FT7074,AZ489,AZ4,(no Brand row for inferred grantee),brand_code_differs_from_fcc
5856,Motorola,AZ489FT7075,AZ489FT7075,AZ489,AZ4,(no Brand row for inferred grantee),brand_code_differs_from_fcc
5857,Motorola,AZ489FT7077,AZ489FT7077,AZ489,AZ4,(no Brand row for inferred grantee),brand_code_differs_from_fcc
5858,Motorola,AZ489FT7078,AZ489FT7078,AZ489,AZ4,(no Brand row for inferred grantee),brand_code_differs_from_fcc
5859,Motorola,AZ489FT7084,AZ489FT7084,AZ489,AZ4,(no Brand row for inferred grantee),brand_code_differs_from_fcc
5860,Motorola,AZ489FT7085,AZ489FT7085,AZ489,AZ4,(no Brand row for inferred grantee),brand_code_differs_from_fcc
5861,Motorola,AZ489FT7086,AZ489FT7086,AZ489,AZ4,(no Brand row for inferred grantee),brand_code_differs_from_fcc
5862,Motorola,AZ489FT7087,AZ489FT7087,AZ489,AZ4,(no Brand row for inferred grantee),brand_code_differs_from_fcc
5863,Motorola,AZ489FT7088,AZ489FT7088,AZ489,AZ4,(no Brand row for inferred grantee),brand_code_differs_from_fcc
5864,Motorola,AZ489FT7092,AZ489FT7092,AZ489,AZ4,(no Brand row for inferred grantee),brand_code_differs_from_fcc
5865,Motorola,AZ489FT7096,AZ489FT7096,AZ489,AZ4,(no Brand row for inferred grantee),brand_code_differs_from_fcc
5866,Motorola,AZ489FT7097,AZ489FT7097,AZ489,AZ4,(no Brand row for inferred grantee),brand_code_differs_from_fcc
5867,Motorola,AZ489FT7098,AZ489FT7098,AZ489,AZ4,(no Brand row for inferred grantee),brand_code_differs_from_fcc
5868,Motorola,AZ489FT7099,AZ489FT7099,AZ489,AZ4,(no Brand row for inferred grantee),brand_code_differs_from_fcc
5869,Motorola,AZ489FT7100,AZ489FT7100,AZ489,AZ4,(no Brand row for inferred grantee),brand_code_differs_from_fcc
5870,Motorola,AZ489FT7101,AZ489FT7101,AZ489,AZ4,(no Brand row for inferred grantee),brand_code_differs_from_fcc
5871,Motorola,AZ489FT7104,AZ489FT7104,AZ489,AZ4,(no Brand row for inferred grantee),brand_code_differs_from_fcc
5872,Motorola,AZ489FT7105,AZ489FT7105,AZ489,AZ4,(no Brand row for inferred grantee),brand_code_differs_from_fcc
5873,Motorola,AZ489FT7106,AZ489FT7106,AZ489,AZ4,(no Brand row for inferred grantee),brand_code_differs_from_fcc
5874,Motorola,AZ489FT7107,AZ489FT7107,AZ489,AZ4,(no Brand row for inferred grantee),brand_code_differs_from_fcc
5875,Motorola,AZ489FT7110,AZ489FT7110,AZ489,AZ4,(no Brand row for inferred grantee),brand_code_differs_from_fcc
5876,Motorola,AZ489FT7111,AZ489FT7111,AZ489,AZ4,(no Brand row for inferred grantee),brand_code_differs_from_fcc
5877,Motorola,AZ489FT7117,AZ489FT7117,AZ489,AZ4,(no Brand row for inferred grantee),brand_code_differs_from_fcc
5878,Motorola,AZ489FT7119,AZ489FT7119,AZ489,AZ4,(no Brand row for inferred grantee),brand_code_differs_from_fcc
5879,Motorola,AZ489FT7120,AZ489FT7120,AZ489,AZ4,(no Brand row for inferred grantee),brand_code_differs_from_fcc
5880,Motorola,AZ489FT7123,AZ489FT7123,AZ489,AZ4,(no Brand row for inferred grantee),brand_code_differs_from_fcc
5881,Motorola,AZ489FT7125,AZ489FT7125,AZ489,AZ4,(no Brand row for inferred grantee),brand_code_differs_from_fcc
5882,Motorola,AZ489FT7126,AZ489FT7126,AZ489,AZ4,(no Brand row for inferred grantee),brand_code_differs_from_fcc
5883,Motorola,AZ489FT7128,AZ489FT7128,AZ489,AZ4,(no Brand row for inferred grantee),brand_code_differs_from_fcc
5884,Motorola,AZ489FT7133,AZ489FT7133,AZ489,AZ4,(no Brand row for inferred grantee),brand_code_differs_from_fcc
5885,Motorola,AZ489FT7134,AZ489FT7134,AZ489,AZ4,(no Brand row for inferred grantee),brand_code_differs_from_fcc
5886,Motorola,AZ489FT7135,AZ489FT7135,AZ489,AZ4,(no Brand row for inferred grantee),brand_code_differs_from_fcc
5887,Motorola,AZ489FT7136,AZ489FT7136,AZ489,AZ4,(no Brand row for inferred grantee),brand_code_differs_from_fcc
5888,Motorola,AZ489FT7142,AZ489FT7142,AZ489,AZ4,(no Brand row for inferred grantee),brand_code_differs_from_fcc
5889,Motorola,AZ489FT7143,AZ489FT7143,AZ489,AZ4,(no Brand row for inferred grantee),brand_code_differs_from_fcc
5890,Motorola,AZ489FT7144,AZ489FT7144,AZ489,AZ4,(no Brand row for inferred grantee),brand_code_differs_from_fcc
5891,Motorola,AZ489FT7145,AZ489FT7145,AZ489,AZ4,(no Brand row for inferred grantee),brand_code_differs_from_fcc
5892,Motorola,AZ489FT7146,AZ489FT7146,AZ489,AZ4,(no Brand row for inferred grantee),brand_code_differs_from_fcc
5893,Motorola,AZ489FT7147,AZ489FT7147,AZ489,AZ4,(no Brand row for inferred grantee),brand_code_differs_from_fcc
5894,Motorola,AZ489FT7148,AZ489FT7148,AZ489,AZ4,(no Brand row for inferred grantee),brand_code_differs_from_fcc
5895,Motorola,AZ489FT7149,AZ489FT7149,AZ489,AZ4,(no Brand row for inferred grantee),brand_code_differs_from_fcc
5896,Motorola,AZ489FT7150,AZ489FT7150,AZ489,AZ4,(no Brand row for inferred grantee),brand_code_differs_from_fcc
5897,Motorola,AZ489FT7151,AZ489FT7151,AZ489,AZ4,(no Brand row for inferred grantee),brand_code_differs_from_fcc
5898,Motorola,AZ489FT7154,AZ489FT7154,AZ489,AZ4,(no Brand row for inferred grantee),brand_code_differs_from_fcc
5899,Motorola,AZ489FT7161,AZ489FT7161,AZ489,AZ4,(no Brand row for inferred grantee),brand_code_differs_from_fcc
5900,Motorola,AZ489FT7162,AZ489FT7162,AZ489,AZ4,(no Brand row for inferred grantee),brand_code_differs_from_fcc
5901,Motorola,AZ489FT7163,AZ489FT7163,AZ489,AZ4,(no Brand row for inferred grantee),brand_code_differs_from_fcc
5902,Motorola,AZ489FT7165,AZ489FT7165,AZ489,AZ4,(no Brand row for inferred grantee),brand_code_differs_from_fcc
5903,Motorola,AZ489FT7166,AZ489FT7166,AZ489,AZ4,(no Brand row for inferred grantee),brand_code_differs_from_fcc
5904,Motorola,AZ489FT7169,AZ489FT7169,AZ489,AZ4,(no Brand row for inferred grantee),brand_code_differs_from_fcc
5905,Motorola,AZ489FT7173,AZ489FT7173,AZ489,AZ4,(no Brand row for inferred grantee),brand_code_differs_from_fcc
5906,Motorola,AZ489FT7174,AZ489FT7174,AZ489,AZ4,(no Brand row for inferred grantee),brand_code_differs_from_fcc
5907,Motorola,AZ489FT7175,AZ489FT7175,AZ489,AZ4,(no Brand row for inferred grantee),brand_code_differs_from_fcc
5908,Motorola,AZ489FT7176,AZ489FT7176,AZ489,AZ4,(no Brand row for inferred grantee),brand_code_differs_from_fcc
5909,Motorola,AZ489FT7179,AZ489FT7179,AZ489,AZ4,(no Brand row for inferred grantee),brand_code_differs_from_fcc
5910,Motorola,AZ489FT7181,AZ489FT7181,AZ489,AZ4,(no Brand row for inferred grantee),brand_code_differs_from_fcc
5911,Motorola,AZ489FT7182,AZ489FT7182,AZ489,AZ4,(no Brand row for inferred grantee),brand_code_differs_from_fcc
5912,Motorola,AZ489FT7184,AZ489FT7184,AZ489,AZ4,(no Brand row for inferred grantee),brand_code_differs_from_fcc
2583,Motorola,GP-300,AZ489-GP-300,AZ489,AZ4,(no Brand row for inferred grantee),brand_code_differs_from_fcc
2584,Motorola,GP-68,AZ489-GP-68,AZ489,AZ4,(no Brand row for inferred grantee),brand_code_differs_from_fcc
2585,Motorola,HT-1000,AZ489-HT-1000,AZ489,AZ4,(no Brand row for inferred grantee),brand_code_differs_from_fcc
2586,Motorola,HT-600,AZ489-HT-600,AZ489,AZ4,(no Brand row for inferred grantee),brand_code_differs_from_fcc
2587,Motorola,HT-800,AZ489-HT-800,AZ489,AZ4,(no Brand row for inferred grantee),brand_code_differs_from_fcc
2588,Motorola,MTS-2000,AZ489-MTS-2000,AZ489,AZ4,(no Brand row for inferred grantee),brand_code_differs_from_fcc
2589,Motorola,P1225,AZ489-P1225,AZ489,AZ4,(no Brand row for inferred grantee),brand_code_differs_from_fcc
2590,Motorola,Saber I / II / III,AZ489-SABERIIIIII,AZ489,AZ4,(no Brand row for inferred grantee),brand_code_differs_from_fcc
2591,Motorola,Spirit,AZ489-SPIRIT,AZ489,AZ4,(no Brand row for inferred grantee),brand_code_differs_from_fcc
5403,Princeton Publishing Labs Inc,HBG27CPMV15AMP,HBG27CPMV15AMP,,HBG,Maxon,brand_has_no_code_but_inferred_known
5404,Princeton Publishing Labs Inc,HBG3DFPMV15AMP,HBG3DFPMV15AMP,,HBG,Maxon,brand_has_no_code_but_inferred_known
5405,Princeton Publishing Labs Inc,HBG55LGRAFXP,HBG55LGRAFXP,,HBG,Maxon,brand_has_no_code_but_inferred_known
5406,Princeton Publishing Labs Inc,HBG6ZYPMV14AC,HBG6ZYPMV14AC,,HBG,Maxon,brand_has_no_code_but_inferred_known
5407,Princeton Publishing Labs Inc,HBGAMFPDA,HBGAMFPDA,,HBG,Maxon,brand_has_no_code_but_inferred_known
5408,Princeton Publishing Labs Inc,HBGGRP16,HBGGRP16,,HBG,Maxon,brand_has_no_code_but_inferred_known
2714,Senhaix,8600,2AWSI-8600,222,2AWSI,(no Brand row for inferred grantee),brand_code_differs_from_fcc
2715,Senhaix,8800,2AWSI-8800,222,2AWSI,(no Brand row for inferred grantee),brand_code_differs_from_fcc
2716,Senhaix,GT-10,2AWSI-GT-10,222,2AWSI,(no Brand row for inferred grantee),brand_code_differs_from_fcc
2717,Senhaix,GT-12,2AWSI-GT-12,222,2AWSI,(no Brand row for inferred grantee),brand_code_differs_from_fcc
2718,Senhaix,SHX-8650,2AWSI-SHX-8650,222,2AWSI,(no Brand row for inferred grantee),brand_code_differs_from_fcc
2719,Senhaix,SHX-8800,2AWSI-SHX-8800,222,2AWSI,(no Brand row for inferred grantee),brand_code_differs_from_fcc
6154,"Shenzhen Gudsen Technology Co., Ltd",MX3,2AMJRMINI-MX3,,2AMJR,TYT,brand_has_no_code_but_inferred_known
6153,"Shenzhen Gudsen Technology Co., Ltd",S,2AMJRAIRCROSS-S,,2AMJR,TYT,brand_has_no_code_but_inferred_known
3278,"Shenzhen Retevis Technology Co., Ltd.",2EIS,2ASNS2EIS,,2ASNS,Wln,brand_has_no_code_but_inferred_known
3289,"Shenzhen Retevis Technology Co., Ltd.",AH,2ASNSAH,,2ASNS,Wln,brand_has_no_code_but_inferred_known
3248,"Shenzhen Retevis Technology Co., Ltd.",B3B,2ASNSB3B,,2ASNS,Wln,brand_has_no_code_but_inferred_known
2677,"Shenzhen Retevis Technology Co., Ltd.",B3H,2AHVB-B3H,,2AHVB,Retevis,brand_has_no_code_but_inferred_known
3275,"Shenzhen Retevis Technology Co., Ltd.",B4,2ASNSB4,,2ASNS,Wln,brand_has_no_code_but_inferred_known
3258,"Shenzhen Retevis Technology Co., Ltd.",C2,2ASNSC2,,2ASNS,Wln,brand_has_no_code_but_inferred_known
3240,"Shenzhen Retevis Technology Co., Ltd.",EZTALK4S,2ASNSEZTALK4S,,2ASNS,Wln,brand_has_no_code_but_inferred_known
2678,"Shenzhen Retevis Technology Co., Ltd.",H-777,2AHVB-H-777,,2AHVB,Retevis,brand_has_no_code_but_inferred_known
3256,"Shenzhen Retevis Technology Co., Ltd.",H777,2ASNSH777,,2ASNS,Wln,brand_has_no_code_but_inferred_known
3272,"Shenzhen Retevis Technology Co., Ltd.",H777D,2ASNSH777D,,2ASNS,Wln,brand_has_no_code_but_inferred_known
2679,"Shenzhen Retevis Technology Co., Ltd.",HA1G,2AHVB-HA1G,,2AHVB,Retevis,brand_has_no_code_but_inferred_known
3269,"Shenzhen Retevis Technology Co., Ltd.",HA1UV,2ASNSHA1UV,,2ASNS,Wln,brand_has_no_code_but_inferred_known
3236,"Shenzhen Retevis Technology Co., Ltd.",HA3,2ASNSHA3,,2ASNS,Wln,brand_has_no_code_but_inferred_known
3276,"Shenzhen Retevis Technology Co., Ltd.",MB3,2ASNSMB3,,2ASNS,Wln,brand_has_no_code_but_inferred_known
3283,"Shenzhen Retevis Technology Co., Ltd.",MB4,2ASNSMB4,,2ASNS,Wln,brand_has_no_code_but_inferred_known
3244,"Shenzhen Retevis Technology Co., Ltd.",MTC,2ASNSMTC,,2ASNS,Wln,brand_has_no_code_but_inferred_known
3245,"Shenzhen Retevis Technology Co., Ltd.",MTP4,2ASNSMTP4,,2ASNS,Wln,brand_has_no_code_but_inferred_known
3287,"Shenzhen Retevis Technology Co., Ltd.",NR30D,2ASNSNR30D,,2ASNS,Wln,brand_has_no_code_but_inferred_known
3246,"Shenzhen Retevis Technology Co., Ltd.",NR30S,2ASNSNR30S,,2ASNS,Wln,brand_has_no_code_but_inferred_known
2681,"Shenzhen Retevis Technology Co., Ltd.",P3,2AHVB-P3,,2AHVB,Retevis,brand_has_no_code_but_inferred_known
3262,"Shenzhen Retevis Technology Co., Ltd.",RA25,2ASNSRA25,,2ASNS,Wln,brand_has_no_code_but_inferred_known
3230,"Shenzhen Retevis Technology Co., Ltd.",RA35,2ASNSRA35,,2ASNS,Wln,brand_has_no_code_but_inferred_known
3252,"Shenzhen Retevis Technology Co., Ltd.",RA36,2ASNSRA36,,2ASNS,Wln,brand_has_no_code_but_inferred_known
2682,"Shenzhen Retevis Technology Co., Ltd.",RA79,2AHVB-RA79,,2AHVB,Retevis,brand_has_no_code_but_inferred_known
3250,"Shenzhen Retevis Technology Co., Ltd.",RA89,2ASNSRA89,,2ASNS,Wln,brand_has_no_code_but_inferred_known
3286,"Shenzhen Retevis Technology Co., Ltd.",RB17,2ASNSRB17,,2ASNS,Wln,brand_has_no_code_but_inferred_known
3274,"Shenzhen Retevis Technology Co., Ltd.",RB17A,2ASNSRB17A,,2ASNS,Wln,brand_has_no_code_but_inferred_known
3268,"Shenzhen Retevis Technology Co., Ltd.",RB17P,2ASNSRB17P,,2ASNS,Wln,brand_has_no_code_but_inferred_known
3266,"Shenzhen Retevis Technology Co., Ltd.",RB17V,2ASNSRB17V,,2ASNS,Wln,brand_has_no_code_but_inferred_known
3242,"Shenzhen Retevis Technology Co., Ltd.",RB18,2ASNSRB18,,2ASNS,Wln,brand_has_no_code_but_inferred_known
3291,"Shenzhen Retevis Technology Co., Ltd.",RB19,2ASNSRB19,,2ASNS,Wln,brand_has_no_code_but_inferred_known
3259,"Shenzhen Retevis Technology Co., Ltd.",RB21,2ASNSRB21,,2ASNS,Wln,brand_has_no_code_but_inferred_known
3249,"Shenzhen Retevis Technology Co., Ltd.",RB22,2ASNSRB22,,2ASNS,Wln,brand_has_no_code_but_inferred_known
3270,"Shenzhen Retevis Technology Co., Ltd.",RB26,2ASNSRB26,,2ASNS,Wln,brand_has_no_code_but_inferred_known
3265,"Shenzhen Retevis Technology Co., Ltd.",RB27,2ASNSRB27,,2ASNS,Wln,brand_has_no_code_but_inferred_known
3251,"Shenzhen Retevis Technology Co., Ltd.",RB27B,2ASNSRB27B,,2ASNS,Wln,brand_has_no_code_but_inferred_known
3235,"Shenzhen Retevis Technology Co., Ltd.",RB29,2ASNSRB29,,2ASNS,Wln,brand_has_no_code_but_inferred_known
3279,"Shenzhen Retevis Technology Co., Ltd.",RB38V,2ASNSRB38V,,2ASNS,Wln,brand_has_no_code_but_inferred_known
2684,"Shenzhen Retevis Technology Co., Ltd.",RB48,2AHVB-RB48,,2AHVB,Retevis,brand_has_no_code_but_inferred_known
3234,"Shenzhen Retevis Technology Co., Ltd.",RB85,2ASNSRB85,,2ASNS,Wln,brand_has_no_code_but_inferred_known
3288,"Shenzhen Retevis Technology Co., Ltd.",RM15,2ASNSRM15,,2ASNS,Wln,brand_has_no_code_but_inferred_known
2685,"Shenzhen Retevis Technology Co., Ltd.",RT-1,2AHVB-RT-1,,2AHVB,Retevis,brand_has_no_code_but_inferred_known
3273,"Shenzhen Retevis Technology Co., Ltd.",RT15,2ASNSRT15,,2ASNS,Wln,brand_has_no_code_but_inferred_known
3232,"Shenzhen Retevis Technology Co., Ltd.",RT17,2ASNSRT17,,2ASNS,Wln,brand_has_no_code_but_inferred_known
3292,"Shenzhen Retevis Technology Co., Ltd.",RT18,2ASNSRT18,,2ASNS,Wln,brand_has_no_code_but_inferred_known
3281,"Shenzhen Retevis Technology Co., Ltd.",RT19,2ASNSRT19,,2ASNS,Wln,brand_has_no_code_but_inferred_known
2686,"Shenzhen Retevis Technology Co., Ltd.",RT-21,2AHVB-RT-21,,2AHVB,Retevis,brand_has_no_code_but_inferred_known
3290,"Shenzhen Retevis Technology Co., Ltd.",RT21H,2ASNSRT21H,,2ASNS,Wln,brand_has_no_code_but_inferred_known
2687,"Shenzhen Retevis Technology Co., Ltd.",RT-22,2AHVB-RT-22,,2AHVB,Retevis,brand_has_no_code_but_inferred_known
2688,"Shenzhen Retevis Technology Co., Ltd.",RT-24,2AHVB-RT-24,,2AHVB,Retevis,brand_has_no_code_but_inferred_known
3282,"Shenzhen Retevis Technology Co., Ltd.",RT27V,2ASNSRT27V,,2ASNS,Wln,brand_has_no_code_but_inferred_known
3255,"Shenzhen Retevis Technology Co., Ltd.",RT28,2ASNSRT28,,2ASNS,Wln,brand_has_no_code_but_inferred_known
3260,"Shenzhen Retevis Technology Co., Ltd.",RT38,2ASNSRT38,,2ASNS,Wln,brand_has_no_code_but_inferred_known
2689,"Shenzhen Retevis Technology Co., Ltd.",RT-3S,2AHVB-RT-3S,,2AHVB,Retevis,brand_has_no_code_but_inferred_known
2693,"Shenzhen Retevis Technology Co., Ltd.",RT3S,2AHVB-RT3S,,2AHVB,Retevis,brand_has_no_code_but_inferred_known
3241,"Shenzhen Retevis Technology Co., Ltd.",RT40B,2ASNSRT40B,,2ASNS,Wln,brand_has_no_code_but_inferred_known
3284,"Shenzhen Retevis Technology Co., Ltd.",RT46,2ASNSRT46,,2ASNS,Wln,brand_has_no_code_but_inferred_known
3263,"Shenzhen Retevis Technology Co., Ltd.",RT47,2ASNSRT47,,2ASNS,Wln,brand_has_no_code_but_inferred_known
3247,"Shenzhen Retevis Technology Co., Ltd.",RT48,2ASNSRT48,,2ASNS,Wln,brand_has_no_code_but_inferred_known
3238,"Shenzhen Retevis Technology Co., Ltd.",RT49,2ASNSRT49,,2ASNS,Wln,brand_has_no_code_but_inferred_known
3229,"Shenzhen Retevis Technology Co., Ltd.",RT49B,2ASNSRT49B,,2ASNS,Wln,brand_has_no_code_but_inferred_known
3277,"Shenzhen Retevis Technology Co., Ltd.",RT49P,2ASNSRT49P,,2ASNS,Wln,brand_has_no_code_but_inferred_known
3233,"Shenzhen Retevis Technology Co., Ltd.",RT54,2ASNSRT54,,2ASNS,Wln,brand_has_no_code_but_inferred_known
2690,"Shenzhen Retevis Technology Co., Ltd.",RT-5R,2AHVB-RT-5R,,2AHVB,Retevis,brand_has_no_code_but_inferred_known
3253,"Shenzhen Retevis Technology Co., Ltd.",RT5R,2ASNSRT5R,,2ASNS,Wln,brand_has_no_code_but_inferred_known
3254,"Shenzhen Retevis Technology Co., Ltd.",RT66,2ASNSRT66,,2ASNS,Wln,brand_has_no_code_but_inferred_known
3280,"Shenzhen Retevis Technology Co., Ltd.",RT67,2ASNSRT67,,2ASNS,Wln,brand_has_no_code_but_inferred_known
3261,"Shenzhen Retevis Technology Co., Ltd.",RT68,2ASNSRT68,,2ASNS,Wln,brand_has_no_code_but_inferred_known
3231,"Shenzhen Retevis Technology Co., Ltd.",RT76,2ASNSRT76,,2ASNS,Wln,brand_has_no_code_but_inferred_known
2691,"Shenzhen Retevis Technology Co., Ltd.",RT-85,2AHVB-RT-85,,2AHVB,Retevis,brand_has_no_code_but_inferred_known
3264,"Shenzhen Retevis Technology Co., Ltd.",RT85,2ASNSRT85,,2ASNS,Wln,brand_has_no_code_but_inferred_known
3237,"Shenzhen Retevis Technology Co., Ltd.",RT86,2ASNSRT86,,2ASNS,Wln,brand_has_no_code_but_inferred_known
3267,"Shenzhen Retevis Technology Co., Ltd.",RT86S,2ASNSRT86S,,2ASNS,Wln,brand_has_no_code_but_inferred_known
3243,"Shenzhen Retevis Technology Co., Ltd.",RT9000D2,2ASNSRT9000D2,,2ASNS,Wln,brand_has_no_code_but_inferred_known
3257,"Shenzhen Retevis Technology Co., Ltd.",RT9000U,2ASNSRT9000U,,2ASNS,Wln,brand_has_no_code_but_inferred_known
3239,"Shenzhen Retevis Technology Co., Ltd.",RT9000V,2ASNSRT9000V,,2ASNS,Wln,brand_has_no_code_but_inferred_known
2692,"Shenzhen Retevis Technology Co., Ltd.",RT-95,2AHVB-RT-95,,2AHVB,Retevis,brand_has_no_code_but_inferred_known
3285,"Shenzhen Retevis Technology Co., Ltd.",RT95,2ASNSRT95,,2ASNS,Wln,brand_has_no_code_but_inferred_known
3271,"Shenzhen Retevis Technology Co., Ltd.",RT97,2ASNSRT97,,2ASNS,Wln,brand_has_no_code_but_inferred_known
2694,"Shenzhen Retevis Technology Co., Ltd.",UV-5R,2AHVB-UV-5R,,2AHVB,Retevis,brand_has_no_code_but_inferred_known
2695,"Shenzhen Retevis Technology Co., Ltd.",UV-82,2AHVB-UV-82,,2AHVB,Retevis,brand_has_no_code_but_inferred_known
2987,"Shenzhen Zastone Technology Co., Ltd.",D500,2AJTBD500,,2AJTB,Zastone,brand_has_no_code_but_inferred_known
2989,"Shenzhen Zastone Technology Co., Ltd.",D900,2AJTBD900,,2AJTB,Zastone,brand_has_no_code_but_inferred_known
2985,"Shenzhen Zastone Technology Co., Ltd.",MINI9,2AJTB-MINI9,,2AJTB,Zastone,brand_has_no_code_but_inferred_known
2986,"Shenzhen Zastone Technology Co., Ltd.",X6,2AJTBX6,,2AJTB,Zastone,brand_has_no_code_but_inferred_known
2988,"Shenzhen Zastone Technology Co., Ltd.",ZT7500,2AJTBZT7500,,2AJTB,Zastone,brand_has_no_code_but_inferred_known
5918,Tele Supply AS,30C,2AHVBJTM-30C,,2AHVB,Retevis,brand_has_no_code_but_inferred_known
2752,Tidradio,TD-H3 Plus,2AUIUTD-TD-H3PLUS,2AUIUTD,2AUIU,(no Brand row for inferred grantee),brand_code_differs_from_fcc
2753,Tidradio,TD-H8,2AUIUTD-TD-H8,2AUIUTD,2AUIU,(no Brand row for inferred grantee),brand_code_differs_from_fcc
2754,Tidradio,TD-H9,2AUIUTD-TD-H9,2AUIUTD,2AUIU,(no Brand row for inferred grantee),brand_code_differs_from_fcc
2755,Tyt,md-uv380,2AMJR-MD-UV380,,2AMJR,TYT,brand_has_no_code_but_inferred_known
2756,Tyt,TH-2800,2AMJR-TH-2800,,2AMJR,TYT,brand_has_no_code_but_inferred_known
2757,Tyt,TH-446,2AMJR-TH-446,,2AMJR,TYT,brand_has_no_code_but_inferred_known
2758,Tyt,TH-F5,2AMJR-TH-F5,,2AMJR,TYT,brand_has_no_code_but_inferred_known
2759,Tyt,TH-F8,2AMJR-TH-F8,,2AMJR,TYT,brand_has_no_code_but_inferred_known
2760,Tyt,TH-UV3R,2AMJR-TH-UV3R,,2AMJR,TYT,brand_has_no_code_but_inferred_known
2761,Tyt,TH-UV8000D,2AMJR-TH-UV8000D,,2AMJR,TYT,brand_has_no_code_but_inferred_known
2762,Tyt,TH-UV88,2AMJR-TH-UV88,,2AMJR,TYT,brand_has_no_code_but_inferred_known
2763,Tyt,TH-UVF1,2AMJR-TH-UVF1,,2AMJR,TYT,brand_has_no_code_but_inferred_known
2764,Tyt,TH-UVF9,2AMJR-TH-UVF9,,2AMJR,TYT,brand_has_no_code_but_inferred_known
6152,TYT,2AMJRAIR,2AMJRAIR,,2AMJR,TYT,brand_has_no_code_but_inferred_known
6125,TYT,AC02,2AMJR-AC02,,2AMJR,TYT,brand_has_no_code_but_inferred_known
6126,TYT,AIR2,2AMJR-AIR2,,2AMJR,TYT,brand_has_no_code_but_inferred_known
6127,TYT,AIR2S,2AMJR-AIR2S,,2AMJR,TYT,brand_has_no_code_but_inferred_known
6128,TYT,AIRCROSS,2AMJR-AIRCROSS,,2AMJR,TYT,brand_has_no_code_but_inferred_known
6129,TYT,AIRCROSS3,2AMJR-AIRCROSS3,,2AMJR,TYT,brand_has_no_code_but_inferred_known
6130,TYT,FSRD00,2AMJR-FSRD00,,2AMJR,TYT,brand_has_no_code_but_inferred_known
6131,TYT,IFOCUSHANDLE,2AMJR-IFOCUSHANDLE,,2AMJR,TYT,brand_has_no_code_but_inferred_known
6132,TYT,IFOCUSM,2AMJR-IFOCUSM,,2AMJR,TYT,brand_has_no_code_but_inferred_known
6133,TYT,IFOCUSMOTOR,2AMJR-IFOCUSMOTOR,,2AMJR,TYT,brand_has_no_code_but_inferred_known
6134,TYT,MINI-MI,2AMJR-MINI-MI,,2AMJR,TYT,brand_has_no_code_but_inferred_known
6135,TYT,MINIMX,2AMJR-MINIMX,,2AMJR,TYT,brand_has_no_code_but_inferred_known
6136,TYT,MINIP,2AMJR-MINIP,,2AMJR,TYT,brand_has_no_code_but_inferred_known
6137,TYT,MINIS,2AMJR-MINIS,,2AMJR,TYT,brand_has_no_code_but_inferred_known
6138,TYT,MOINCAMERA,2AMJR-MOINCAMERA,,2AMJR,TYT,brand_has_no_code_but_inferred_known
6139,TYT,MOINL1,2AMJR-MOINL1,,2AMJR,TYT,brand_has_no_code_but_inferred_known
6140,TYT,NANO,2AMJR-NANO,,2AMJR,TYT,brand_has_no_code_but_inferred_known
6141,TYT,NANOSE,2AMJR-NANOSE,,2AMJR,TYT,brand_has_no_code_but_inferred_known
6142,TYT,R1602,2AMJR-R1602,,2AMJR,TYT,brand_has_no_code_but_inferred_known
6143,TYT,R25,2AMJR-R25,,2AMJR,TYT,brand_has_no_code_but_inferred_known
6144,TYT,R3D06,2AMJR-R3D06,,2AMJR,TYT,brand_has_no_code_but_inferred_known
6145,TYT,R5D05,2AMJR-R5D05,,2AMJR,TYT,brand_has_no_code_but_inferred_known
6146,TYT,R9D01,2AMJR-R9D01,,2AMJR,TYT,brand_has_no_code_but_inferred_known
6147,TYT,RSD00,2AMJR-RSD00,,2AMJR,TYT,brand_has_no_code_but_inferred_known
6148,TYT,SLYPOD,2AMJR-SLYPOD,,2AMJR,TYT,brand_has_no_code_but_inferred_known
6149,TYT,W08VGS,2AMJR-W08VGS,,2AMJR,TYT,brand_has_no_code_but_inferred_known
6150,TYT,W10TSW,2AMJR-W10TSW,,2AMJR,TYT,brand_has_no_code_but_inferred_known
6151,TYT,WE10,2AMJR-WE10,,2AMJR,TYT,brand_has_no_code_but_inferred_known
2770,Vertex,FTH-2070,K66-FTH-2070,,K66,Standard,brand_has_no_code_but_inferred_known
2771,Vertex,VX-10 VHF-UHF,K66-VX-10VHF-UHF,,K66,Standard,brand_has_no_code_but_inferred_known
2774,Vertex,VX180,K66-VX180,,K66,Standard,brand_has_no_code_but_inferred_known
2772,Vertex,VX-420 Portable,K66-VX-420PORTABLE,,K66,Standard,brand_has_no_code_but_inferred_known
2775,Vertex,VX600,K66-VX600,,K66,Standard,brand_has_no_code_but_inferred_known
2773,Vertex,VX-800,K66-VX-800,,K66,Standard,brand_has_no_code_but_inferred_known
2776,Vertex,VXA-300 Pilot III,K66-VXA-300PILOTIII,,K66,Standard,brand_has_no_code_but_inferred_known
2777,Vertex,VXA-700 Spirit,K66-VXA-700SPIRIT,,K66,Standard,brand_has_no_code_but_inferred_known
2778,Vgc,VR-N75,ZVM-VR-N7500,,ZVM,"VERO GLOBAL COMMUNICATION CO.,LTD",brand_has_no_code_but_inferred_known
3218,Wouxun,KG-XS20G Plus,WVTWOUXUN25,U4Z,WVT,(no Brand row for inferred grantee),brand_code_differs_from_fcc
3210,Wouxun,WOUXUN03,WVTWOUXUN03,U4Z,WVT,(no Brand row for inferred grantee),brand_code_differs_from_fcc
3226,Wouxun,WOUXUN04,WVTWOUXUN04,U4Z,WVT,(no Brand row for inferred grantee),brand_code_differs_from_fcc
3221,Wouxun,WOUXUN05,WVTWOUXUN05,U4Z,WVT,(no Brand row for inferred grantee),brand_code_differs_from_fcc
3214,Wouxun,WOUXUN06,WVTWOUXUN06,U4Z,WVT,(no Brand row for inferred grantee),brand_code_differs_from_fcc
3223,Wouxun,WOUXUN07,WVTWOUXUN07,U4Z,WVT,(no Brand row for inferred grantee),brand_code_differs_from_fcc
3212,Wouxun,WOUXUN08,WVTWOUXUN08,U4Z,WVT,(no Brand row for inferred grantee),brand_code_differs_from_fcc
3216,Wouxun,WOUXUN09,WVTWOUXUN09,U4Z,WVT,(no Brand row for inferred grantee),brand_code_differs_from_fcc
3225,Wouxun,WOUXUN10,WVTWOUXUN10,U4Z,WVT,(no Brand row for inferred grantee),brand_code_differs_from_fcc
3227,Wouxun,WOUXUN11,WVTWOUXUN11,U4Z,WVT,(no Brand row for inferred grantee),brand_code_differs_from_fcc
3204,Wouxun,WOUXUN12,WVTWOUXUN12,U4Z,WVT,(no Brand row for inferred grantee),brand_code_differs_from_fcc
3217,Wouxun,WOUXUN15,WVTWOUXUN15,U4Z,WVT,(no Brand row for inferred grantee),brand_code_differs_from_fcc
3222,Wouxun,WOUXUN16,WVTWOUXUN16,U4Z,WVT,(no Brand row for inferred grantee),brand_code_differs_from_fcc
3206,Wouxun,WOUXUN17,WVTWOUXUN17,U4Z,WVT,(no Brand row for inferred grantee),brand_code_differs_from_fcc
3207,Wouxun,WOUXUN18,WVTWOUXUN18,U4Z,WVT,(no Brand row for inferred grantee),brand_code_differs_from_fcc
3209,Wouxun,WOUXUN19,WVTWOUXUN19,U4Z,WVT,(no Brand row for inferred grantee),brand_code_differs_from_fcc
3213,Wouxun,WOUXUN20,WVTWOUXUN20,U4Z,WVT,(no Brand row for inferred grantee),brand_code_differs_from_fcc
3224,Wouxun,WOUXUN21,WVTWOUXUN21,U4Z,WVT,(no Brand row for inferred grantee),brand_code_differs_from_fcc
3211,Wouxun,WOUXUN22,WVTWOUXUN22,U4Z,WVT,(no Brand row for inferred grantee),brand_code_differs_from_fcc
3215,Wouxun,WOUXUN23,WVTWOUXUN23,U4Z,WVT,(no Brand row for inferred grantee),brand_code_differs_from_fcc
3208,Wouxun,WOUXUN24,WVTWOUXUN24,U4Z,WVT,(no Brand row for inferred grantee),brand_code_differs_from_fcc
3205,Wouxun,WOUXUN26,WVTWOUXUN26,U4Z,WVT,(no Brand row for inferred grantee),brand_code_differs_from_fcc
3220,Wouxun,WOUXUN28,WVTWOUXUN28,U4Z,WVT,(no Brand row for inferred grantee),brand_code_differs_from_fcc
3219,Wouxun,WOUXUN29,WVTWOUXUN29,U4Z,WVT,(no Brand row for inferred grantee),brand_code_differs_from_fcc
3228,Wouxun,WOUXUN30,WVTWOUXUN30,U4Z,WVT,(no Brand row for inferred grantee),brand_code_differs_from_fcc
4850,Xiamen Radtel Electronics Co. Ltd.,6D880,2AZSA-6D880,2AO8L,2AZSA,Xiamen Radtel Electronics Co. Ltd.,brand_code_differs_from_fcc
4851,Xiamen Radtel Electronics Co. Ltd.,7518000,2AZSA-7518000,2AO8L,2AZSA,Xiamen Radtel Electronics Co. Ltd.,brand_code_differs_from_fcc
4852,Xiamen Radtel Electronics Co. Ltd.,R260,2AZSA-R260,2AO8L,2AZSA,Xiamen Radtel Electronics Co. Ltd.,brand_code_differs_from_fcc
4853,Xiamen Radtel Electronics Co. Ltd.,RT12,2AZSA-RT12,2AO8L,2AZSA,Xiamen Radtel Electronics Co. Ltd.,brand_code_differs_from_fcc
4854,Xiamen Radtel Electronics Co. Ltd.,RT13,2AZSA-RT13,2AO8L,2AZSA,Xiamen Radtel Electronics Co. Ltd.,brand_code_differs_from_fcc
4855,Xiamen Radtel Electronics Co. Ltd.,RT470X,2AZSA-RT470X,2AO8L,2AZSA,Xiamen Radtel Electronics Co. Ltd.,brand_code_differs_from_fcc
4856,Xiamen Radtel Electronics Co. Ltd.,RT490,2AZSA-RT490,2AO8L,2AZSA,Xiamen Radtel Electronics Co. Ltd.,brand_code_differs_from_fcc
4857,Xiamen Radtel Electronics Co. Ltd.,RT493,2AZSA-RT493,2AO8L,2AZSA,Xiamen Radtel Electronics Co. Ltd.,brand_code_differs_from_fcc
4858,Xiamen Radtel Electronics Co. Ltd.,RT4D,2AZSA-RT4D,2AO8L,2AZSA,Xiamen Radtel Electronics Co. Ltd.,brand_code_differs_from_fcc
4859,Xiamen Radtel Electronics Co. Ltd.,RT590,2AZSA-RT590,2AO8L,2AZSA,Xiamen Radtel Electronics Co. Ltd.,brand_code_differs_from_fcc
4860,Xiamen Radtel Electronics Co. Ltd.,RT630,2AZSA-RT630,2AO8L,2AZSA,Xiamen Radtel Electronics Co. Ltd.,brand_code_differs_from_fcc
4861,Xiamen Radtel Electronics Co. Ltd.,RT730,2AZSA-RT730,2AO8L,2AZSA,Xiamen Radtel Electronics Co. Ltd.,brand_code_differs_from_fcc
4862,Xiamen Radtel Electronics Co. Ltd.,RT752,2AZSA-RT752,2AO8L,2AZSA,Xiamen Radtel Electronics Co. Ltd.,brand_code_differs_from_fcc
4863,Xiamen Radtel Electronics Co. Ltd.,RT830,2AZSA-RT830,2AO8L,2AZSA,Xiamen Radtel Electronics Co. Ltd.,brand_code_differs_from_fcc
4864,Xiamen Radtel Electronics Co. Ltd.,RT860,2AZSA-RT860,2AO8L,2AZSA,Xiamen Radtel Electronics Co. Ltd.,brand_code_differs_from_fcc
4865,Xiamen Radtel Electronics Co. Ltd.,RT88,2AZSA-RT88,2AO8L,2AZSA,Xiamen Radtel Electronics Co. Ltd.,brand_code_differs_from_fcc
4866,Xiamen Radtel Electronics Co. Ltd.,RT890,2AZSA-RT890,2AO8L,2AZSA,Xiamen Radtel Electronics Co. Ltd.,brand_code_differs_from_fcc
4867,Xiamen Radtel Electronics Co. Ltd.,RT900,2AZSA-RT900,2AO8L,2AZSA,Xiamen Radtel Electronics Co. Ltd.,brand_code_differs_from_fcc
4868,Xiamen Radtel Electronics Co. Ltd.,RT91020,2AZSA-RT91020,2AO8L,2AZSA,Xiamen Radtel Electronics Co. Ltd.,brand_code_differs_from_fcc
4869,Xiamen Radtel Electronics Co. Ltd.,RT950,2AZSA-RT950,2AO8L,2AZSA,Xiamen Radtel Electronics Co. Ltd.,brand_code_differs_from_fcc
3188,"Xiamen Radtel Electronics Co., Ltd",6D880,2AZSA6D880,2AO8L,2AZSA,Xiamen Radtel Electronics Co. Ltd.,brand_code_differs_from_fcc
3190,"Xiamen Radtel Electronics Co., Ltd",7518000,2AZSA7518000,2AO8L,2AZSA,Xiamen Radtel Electronics Co. Ltd.,brand_code_differs_from_fcc
3187,"Xiamen Radtel Electronics Co., Ltd",R260,2AZSAR260,2AO8L,2AZSA,Xiamen Radtel Electronics Co. Ltd.,brand_code_differs_from_fcc
3179,"Xiamen Radtel Electronics Co., Ltd",RT12,2AZSART12,2AO8L,2AZSA,Xiamen Radtel Electronics Co. Ltd.,brand_code_differs_from_fcc
4504,"Xiamen Radtel Electronics Co., Ltd",RT13,2AZSART13,2AO8L,2AZSA,Xiamen Radtel Electronics Co. Ltd.,brand_code_differs_from_fcc
4508,"Xiamen Radtel Electronics Co., Ltd",RT470X,2AZSART470X,2AO8L,2AZSA,Xiamen Radtel Electronics Co. Ltd.,brand_code_differs_from_fcc
4501,"Xiamen Radtel Electronics Co., Ltd",RT490,2AZSART490,2AO8L,2AZSA,Xiamen Radtel Electronics Co. Ltd.,brand_code_differs_from_fcc
4510,"Xiamen Radtel Electronics Co., Ltd",RT493,2AZSART493,2AO8L,2AZSA,Xiamen Radtel Electronics Co. Ltd.,brand_code_differs_from_fcc
4513,"Xiamen Radtel Electronics Co., Ltd",RT4D,2AZSART4D,2AO8L,2AZSA,Xiamen Radtel Electronics Co. Ltd.,brand_code_differs_from_fcc
4507,"Xiamen Radtel Electronics Co., Ltd",RT590,2AZSART590,2AO8L,2AZSA,Xiamen Radtel Electronics Co. Ltd.,brand_code_differs_from_fcc
4509,"Xiamen Radtel Electronics Co., Ltd",RT630,2AZSART630,2AO8L,2AZSA,Xiamen Radtel Electronics Co. Ltd.,brand_code_differs_from_fcc
4511,"Xiamen Radtel Electronics Co., Ltd",RT730,2AZSART730,2AO8L,2AZSA,Xiamen Radtel Electronics Co. Ltd.,brand_code_differs_from_fcc
4506,"Xiamen Radtel Electronics Co., Ltd",RT752,2AZSART752,2AO8L,2AZSA,Xiamen Radtel Electronics Co. Ltd.,brand_code_differs_from_fcc
3177,"Xiamen Radtel Electronics Co., Ltd",RT830,2AZSART830,2AO8L,2AZSA,Xiamen Radtel Electronics Co. Ltd.,brand_code_differs_from_fcc
4502,"Xiamen Radtel Electronics Co., Ltd",RT860,2AZSART860,2AO8L,2AZSA,Xiamen Radtel Electronics Co. Ltd.,brand_code_differs_from_fcc
3176,"Xiamen Radtel Electronics Co., Ltd",RT88,2AZSART88,2AO8L,2AZSA,Xiamen Radtel Electronics Co. Ltd.,brand_code_differs_from_fcc
4505,"Xiamen Radtel Electronics Co., Ltd",RT890,2AZSART890,2AO8L,2AZSA,Xiamen Radtel Electronics Co. Ltd.,brand_code_differs_from_fcc
4503,"Xiamen Radtel Electronics Co., Ltd",RT900,2AZSART900,2AO8L,2AZSA,Xiamen Radtel Electronics Co. Ltd.,brand_code_differs_from_fcc
3186,"Xiamen Radtel Electronics Co., Ltd",RT91020,2AZSART91020,2AO8L,2AZSA,Xiamen Radtel Electronics Co. Ltd.,brand_code_differs_from_fcc
4512,"Xiamen Radtel Electronics Co., Ltd",RT950,2AZSART950,2AO8L,2AZSA,Xiamen Radtel Electronics Co. Ltd.,brand_code_differs_from_fcc
5934,Yaesu,K6620101X60,K6620101X60,K6620,K66,Standard,brand_code_differs_from_fcc
5935,Yaesu,K6620101X70,K6620101X70,K6620,K66,Standard,brand_code_differs_from_fcc
5936,Yaesu,K6620165X40,K6620165X40,K6620,K66,Standard,brand_code_differs_from_fcc
5937,Yaesu,K6620175X20,K6620175X20,K6620,K66,Standard,brand_code_differs_from_fcc
5938,Yaesu,K6620215X20,K6620215X20,K6620,K66,Standard,brand_code_differs_from_fcc
5939,Yaesu,K6620223X20,K6620223X20,K6620,K66,Standard,brand_code_differs_from_fcc
5940,Yaesu,K6620224X20,K6620224X20,K6620,K66,Standard,brand_code_differs_from_fcc
5941,Yaesu,K6620233X40,K6620233X40,K6620,K66,Standard,brand_code_differs_from_fcc
5942,Yaesu,K6620241X50,K6620241X50,K6620,K66,Standard,brand_code_differs_from_fcc
5943,Yaesu,K6620251X50,K6620251X50,K6620,K66,Standard,brand_code_differs_from_fcc
5944,Yaesu,K6620251X70,K6620251X70,K6620,K66,Standard,brand_code_differs_from_fcc
5945,Yaesu,K6620275X40,K6620275X40,K6620,K66,Standard,brand_code_differs_from_fcc
5946,Yaesu,K6620285X20,K6620285X20,K6620,K66,Standard,brand_code_differs_from_fcc
5947,Yaesu,K6620295X20,K6620295X20,K6620,K66,Standard,brand_code_differs_from_fcc
5948,Yaesu,K6620305X30,K6620305X30,K6620,K66,Standard,brand_code_differs_from_fcc
5949,Yaesu,K6620311X50,K6620311X50,K6620,K66,Standard,brand_code_differs_from_fcc
5950,Yaesu,K6620321X70,K6620321X70,K6620,K66,Standard,brand_code_differs_from_fcc
5951,Yaesu,K6620335X40,K6620335X40,K6620,K66,Standard,brand_code_differs_from_fcc
5952,Yaesu,K6620345X40,K6620345X40,K6620,K66,Standard,brand_code_differs_from_fcc
5953,Yaesu,K6620361X60,K6620361X60,K6620,K66,Standard,brand_code_differs_from_fcc
5954,Yaesu,K6620361X61,K6620361X61,K6620,K66,Standard,brand_code_differs_from_fcc
5955,Yaesu,K6620393X50,K6620393X50,K6620,K66,Standard,brand_code_differs_from_fcc
5956,Yaesu,K6620415X20,K6620415X20,K6620,K66,Standard,brand_code_differs_from_fcc
5957,Yaesu,K6620445X20,K6620445X20,K6620,K66,Standard,brand_code_differs_from_fcc
5958,Yaesu,K6620461X50,K6620461X50,K6620,K66,Standard,brand_code_differs_from_fcc
5959,Yaesu,K6620485X40,K6620485X40,K6620,K66,Standard,brand_code_differs_from_fcc
5960,Yaesu,K6620515X20,K6620515X20,K6620,K66,Standard,brand_code_differs_from_fcc
5961,Yaesu,K6620523X50,K6620523X50,K6620,K66,Standard,brand_code_differs_from_fcc
5962,Yaesu,K6620523X51,K6620523X51,K6620,K66,Standard,brand_code_differs_from_fcc
5963,Yaesu,K6620533X20,K6620533X20,K6620,K66,Standard,brand_code_differs_from_fcc
5964,Yaesu,K6620534X20,K6620534X20,K6620,K66,Standard,brand_code_differs_from_fcc
5965,Yaesu,K6620575X50,K6620575X50,K6620,K66,Standard,brand_code_differs_from_fcc
5966,Yaesu,K6620581X50,K6620581X50,K6620,K66,Standard,brand_code_differs_from_fcc
5967,Yaesu,K6620605X20,K6620605X20,K6620,K66,Standard,brand_code_differs_from_fcc
5968,Yaesu,K6620615X40,K6620615X40,K6620,K66,Standard,brand_code_differs_from_fcc
5969,Yaesu,K6620621X50,K6620621X50,K6620,K66,Standard,brand_code_differs_from_fcc
5970,Yaesu,K6620651X50,K6620651X50,K6620,K66,Standard,brand_code_differs_from_fcc
5971,Yaesu,K6620663X20,K6620663X20,K6620,K66,Standard,brand_code_differs_from_fcc
5972,Yaesu,K6620665X20,K6620665X20,K6620,K66,Standard,brand_code_differs_from_fcc
5973,Yaesu,K6620681X50,K6620681X50,K6620,K66,Standard,brand_code_differs_from_fcc
5974,Yaesu,K6620681X60,K6620681X60,K6620,K66,Standard,brand_code_differs_from_fcc
5975,Yaesu,K6620693X20,K6620693X20,K6620,K66,Standard,brand_code_differs_from_fcc
5976,Yaesu,K6620695X20,K6620695X20,K6620,K66,Standard,brand_code_differs_from_fcc
5977,Yaesu,K6620715X40,K6620715X40,K6620,K66,Standard,brand_code_differs_from_fcc
5978,Yaesu,K6620725X20,K6620725X20,K6620,K66,Standard,brand_code_differs_from_fcc
5979,Yaesu,K6620754X50,K6620754X50,K6620,K66,Standard,brand_code_differs_from_fcc
5980,Yaesu,K6620755X40,K6620755X40,K6620,K66,Standard,brand_code_differs_from_fcc
5981,Yaesu,K6620761X50,K6620761X50,K6620,K66,Standard,brand_code_differs_from_fcc
5982,Yaesu,K6620795X40,K6620795X40,K6620,K66,Standard,brand_code_differs_from_fcc
5983,Yaesu,K6620801X50,K6620801X50,K6620,K66,Standard,brand_code_differs_from_fcc
5984,Yaesu,K6620815X40,K6620815X40,K6620,K66,Standard,brand_code_differs_from_fcc
5985,Yaesu,K6620825X21,K6620825X21,K6620,K66,Standard,brand_code_differs_from_fcc
5986,Yaesu,K6620825X22,K6620825X22,K6620,K66,Standard,brand_code_differs_from_fcc
5987,Yaesu,K6620845X30,K6620845X30,K6620,K66,Standard,brand_code_differs_from_fcc
5988,Yaesu,K6620865X50,K6620865X50,K6620,K66,Standard,brand_code_differs_from_fcc
5989,Yaesu,K6620873X50,K6620873X50,K6620,K66,Standard,brand_code_differs_from_fcc
5990,Yaesu,K6620883X50,K6620883X50,K6620,K66,Standard,brand_code_differs_from_fcc
5991,Yaesu,K6620895X50,K6620895X50,K6620,K66,Standard,brand_code_differs_from_fcc
5992,Yaesu,K6620915X50,K6620915X50,K6620,K66,Standard,brand_code_differs_from_fcc
3716,"Yaesu Musen Co., Ltd.",03770X30,K6603770X30,K6620,K66,Standard,brand_code_differs_from_fcc
3627,"Yaesu Musen Co., Ltd.",0A290910,K660A290910,K6620,K66,Standard,brand_code_differs_from_fcc
3696,"Yaesu Musen Co., Ltd.",0A290X10,K660A290X10,K6620,K66,Standard,brand_code_differs_from_fcc
3548,"Yaesu Musen Co., Ltd.",0A300910,K660A300910,K6620,K66,Standard,brand_code_differs_from_fcc
3725,"Yaesu Musen Co., Ltd.",0B770X10,K660B770X10,K6620,K66,Standard,brand_code_differs_from_fcc
3649,"Yaesu Musen Co., Ltd.",0C354X10,K660C354X10,K6620,K66,Standard,brand_code_differs_from_fcc
3688,"Yaesu Musen Co., Ltd.",0C780X10,K660C780X10,K6620,K66,Standard,brand_code_differs_from_fcc
3644,"Yaesu Musen Co., Ltd.",0D730X50,K660D730X50,K6620,K66,Standard,brand_code_differs_from_fcc
3683,"Yaesu Musen Co., Ltd.",0D940X10,K660D940X10,K6620,K66,Standard,brand_code_differs_from_fcc
3642,"Yaesu Musen Co., Ltd.",0E180X10,K660E180X10,K6620,K66,Standard,brand_code_differs_from_fcc
3559,"Yaesu Musen Co., Ltd.",0F434X10,K660F434X10,K6620,K66,Standard,brand_code_differs_from_fcc
3648,"Yaesu Musen Co., Ltd.",0F444X10,K660F444X10,K6620,K66,Standard,brand_code_differs_from_fcc
3639,"Yaesu Musen Co., Ltd.",0F444X11,K660F444X11,K6620,K66,Standard,brand_code_differs_from_fcc
3692,"Yaesu Musen Co., Ltd.",0H464X10,K660H464X10,K6620,K66,Standard,brand_code_differs_from_fcc
6108,"Yaesu Musen Co., Ltd.",1,K66VXF-1,K6620,K66,Standard,brand_code_differs_from_fcc
6109,"Yaesu Musen Co., Ltd.",10,K66VXF-10,K6620,K66,Standard,brand_code_differs_from_fcc
5993,"Yaesu Musen Co., Ltd.",100,K66FT-100,K6620,K66,Standard,brand_code_differs_from_fcc
6018,"Yaesu Musen Co., Ltd.",1000,K66VL-1000,K6620,K66,Standard,brand_code_differs_from_fcc
6114,"Yaesu Musen Co., Ltd.",1000U,K66VXR-1000U,K6620,K66,Standard,brand_code_differs_from_fcc
6115,"Yaesu Musen Co., Ltd.",1000V,K66VXR-1000V,K6620,K66,Standard,brand_code_differs_from_fcc
6015,"Yaesu Musen Co., Ltd.",1011H,K66FTL-1011H,K6620,K66,Standard,brand_code_differs_from_fcc
6016,"Yaesu Musen Co., Ltd.",1011H-2,K66FTL-1011H-2,K6620,K66,Standard,brand_code_differs_from_fcc
3610,"Yaesu Musen Co., Ltd.",1033021,K661033021,K6620,K66,Standard,brand_code_differs_from_fcc
3579,"Yaesu Musen Co., Ltd.",10333020,K6610333020,K6620,K66,Standard,brand_code_differs_from_fcc
3732,"Yaesu Musen Co., Ltd.",10333021,K6610333021,K6620,K66,Standard,brand_code_differs_from_fcc
3652,"Yaesu Musen Co., Ltd.",10334620,K6610334620,K6620,K66,Standard,brand_code_differs_from_fcc
3675,"Yaesu Musen Co., Ltd.",10334720,K6610334720,K6620,K66,Standard,brand_code_differs_from_fcc
3643,"Yaesu Musen Co., Ltd.",10334721,K6610334721,K6620,K66,Standard,brand_code_differs_from_fcc
3604,"Yaesu Musen Co., Ltd.",10334821,K6610334821,K6620,K66,Standard,brand_code_differs_from_fcc
3607,"Yaesu Musen Co., Ltd.",10342150,K6610342150,K6620,K66,Standard,brand_code_differs_from_fcc
3670,"Yaesu Musen Co., Ltd.",10344140,K6610344140,K6620,K66,Standard,brand_code_differs_from_fcc
3564,"Yaesu Musen Co., Ltd.",10353030,K6610353030,K6620,K66,Standard,brand_code_differs_from_fcc
3703,"Yaesu Musen Co., Ltd.",10354640,K6610354640,K6620,K66,Standard,brand_code_differs_from_fcc
3603,"Yaesu Musen Co., Ltd.",10354740,K6610354740,K6620,K66,Standard,brand_code_differs_from_fcc
3601,"Yaesu Musen Co., Ltd.",10443140,K6610443140,K6620,K66,Standard,brand_code_differs_from_fcc
3702,"Yaesu Musen Co., Ltd.",10443240,K6610443240,K6620,K66,Standard,brand_code_differs_from_fcc
3665,"Yaesu Musen Co., Ltd.",10443250,K6610443250,K6620,K66,Standard,brand_code_differs_from_fcc
3737,"Yaesu Musen Co., Ltd.",10444140,K6610444140,K6620,K66,Standard,brand_code_differs_from_fcc
3728,"Yaesu Musen Co., Ltd.",10444450,K6610444450,K6620,K66,Standard,brand_code_differs_from_fcc
3581,"Yaesu Musen Co., Ltd.",10503220,K6610503220,K6620,K66,Standard,brand_code_differs_from_fcc
3583,"Yaesu Musen Co., Ltd.",10504420,K6610504420,K6620,K66,Standard,brand_code_differs_from_fcc
3547,"Yaesu Musen Co., Ltd.",10511070,K6610511070,K6620,K66,Standard,brand_code_differs_from_fcc
3623,"Yaesu Musen Co., Ltd.",10524420,K6610524420,K6620,K66,Standard,brand_code_differs_from_fcc
3706,"Yaesu Musen Co., Ltd.",10573X20,K6610573X20,K6620,K66,Standard,brand_code_differs_from_fcc
3687,"Yaesu Musen Co., Ltd.",10583020,K6610583020,K6620,K66,Standard,brand_code_differs_from_fcc
3735,"Yaesu Musen Co., Ltd.",10583021,K6610583021,K6620,K66,Standard,brand_code_differs_from_fcc
3674,"Yaesu Musen Co., Ltd.",10584620,K6610584620,K6620,K66,Standard,brand_code_differs_from_fcc
3666,"Yaesu Musen Co., Ltd.",10584720,K6610584720,K6620,K66,Standard,brand_code_differs_from_fcc
3677,"Yaesu Musen Co., Ltd.",10584821,K6610584821,K6620,K66,Standard,brand_code_differs_from_fcc
3577,"Yaesu Musen Co., Ltd.",10603040,K6610603040,K6620,K66,Standard,brand_code_differs_from_fcc
3715,"Yaesu Musen Co., Ltd.",10604740,K6610604740,K6620,K66,Standard,brand_code_differs_from_fcc
3709,"Yaesu Musen Co., Ltd.",10604840,K6610604840,K6620,K66,Standard,brand_code_differs_from_fcc
3658,"Yaesu Musen Co., Ltd.",10613030,K6610613030,K6620,K66,Standard,brand_code_differs_from_fcc
3654,"Yaesu Musen Co., Ltd.",10613040,K6610613040,K6620,K66,Standard,brand_code_differs_from_fcc
3557,"Yaesu Musen Co., Ltd.",10614630,K6610614630,K6620,K66,Standard,brand_code_differs_from_fcc
3592,"Yaesu Musen Co., Ltd.",10614640,K6610614640,K6620,K66,Standard,brand_code_differs_from_fcc
3638,"Yaesu Musen Co., Ltd.",10614730,K6610614730,K6620,K66,Standard,brand_code_differs_from_fcc
3554,"Yaesu Musen Co., Ltd.",10614740,K6610614740,K6620,K66,Standard,brand_code_differs_from_fcc
3678,"Yaesu Musen Co., Ltd.",10623X20,K6610623X20,K6620,K66,Standard,brand_code_differs_from_fcc
3635,"Yaesu Musen Co., Ltd.",10653020,K6610653020,K6620,K66,Standard,brand_code_differs_from_fcc
3597,"Yaesu Musen Co., Ltd.",10654720,K6610654720,K6620,K66,Standard,brand_code_differs_from_fcc
3615,"Yaesu Musen Co., Ltd.",10654820,K6610654820,K6620,K66,Standard,brand_code_differs_from_fcc
3629,"Yaesu Musen Co., Ltd.",10723X20,K6610723X20,K6620,K66,Standard,brand_code_differs_from_fcc
3606,"Yaesu Musen Co., Ltd.",10844740,K6610844740,K6620,K66,Standard,brand_code_differs_from_fcc
3636,"Yaesu Musen Co., Ltd.",10853020,K6610853020,K6620,K66,Standard,brand_code_differs_from_fcc
3569,"Yaesu Musen Co., Ltd.",10854620,K6610854620,K6620,K66,Standard,brand_code_differs_from_fcc
3717,"Yaesu Musen Co., Ltd.",10854720,K6610854720,K6620,K66,Standard,brand_code_differs_from_fcc
3667,"Yaesu Musen Co., Ltd.",10933040,K6610933040,K6620,K66,Standard,brand_code_differs_from_fcc
3724,"Yaesu Musen Co., Ltd.",10934640,K6610934640,K6620,K66,Standard,brand_code_differs_from_fcc
3590,"Yaesu Musen Co., Ltd.",10934740,K6610934740,K6620,K66,Standard,brand_code_differs_from_fcc
3567,"Yaesu Musen Co., Ltd.",10943020,K6610943020,K6620,K66,Standard,brand_code_differs_from_fcc
3698,"Yaesu Musen Co., Ltd.",10944620,K6610944620,K6620,K66,Standard,brand_code_differs_from_fcc
3578,"Yaesu Musen Co., Ltd.",10944720,K6610944720,K6620,K66,Standard,brand_code_differs_from_fcc
5994,"Yaesu Musen Co., Ltd.",10R,K66FT-10R,K6620,K66,Standard,brand_code_differs_from_fcc
6022,"Yaesu Musen Co., Ltd.",10U,K66VX-10U,K6620,K66,Standard,brand_code_differs_from_fcc
6023,"Yaesu Musen Co., Ltd.",10U-2,K66VX-10U-2,K6620,K66,Standard,brand_code_differs_from_fcc
6024,"Yaesu Musen Co., Ltd.",10U-3,K66VX-10U-3,K6620,K66,Standard,brand_code_differs_from_fcc
6025,"Yaesu Musen Co., Ltd.",10V,K66VX-10V,K6620,K66,Standard,brand_code_differs_from_fcc
6026,"Yaesu Musen Co., Ltd.",10V-2,K66VX-10V-2,K6620,K66,Standard,brand_code_differs_from_fcc
6027,"Yaesu Musen Co., Ltd.",110,K66VX-110,K6620,K66,Standard,brand_code_differs_from_fcc
3699,"Yaesu Musen Co., Ltd.",11013030,K6611013030,K6620,K66,Standard,brand_code_differs_from_fcc
3664,"Yaesu Musen Co., Ltd.",11013040,K6611013040,K6620,K66,Standard,brand_code_differs_from_fcc
3686,"Yaesu Musen Co., Ltd.",11014630,K6611014630,K6620,K66,Standard,brand_code_differs_from_fcc
3743,"Yaesu Musen Co., Ltd.",11014640,K6611014640,K6620,K66,Standard,brand_code_differs_from_fcc
3662,"Yaesu Musen Co., Ltd.",11014740,K6611014740,K6620,K66,Standard,brand_code_differs_from_fcc
3616,"Yaesu Musen Co., Ltd.",11023020,K6611023020,K6620,K66,Standard,brand_code_differs_from_fcc
3611,"Yaesu Musen Co., Ltd.",11024720,K6611024720,K6620,K66,Standard,brand_code_differs_from_fcc
3676,"Yaesu Musen Co., Ltd.",11033040,K6611033040,K6620,K66,Standard,brand_code_differs_from_fcc
3637,"Yaesu Musen Co., Ltd.",11034740,K6611034740,K6620,K66,Standard,brand_code_differs_from_fcc
6019,"Yaesu Musen Co., Ltd.",120,K66VR-120,K6620,K66,Standard,brand_code_differs_from_fcc
6028,"Yaesu Musen Co., Ltd.",1210,K66VX-1210,K6620,K66,Standard,brand_code_differs_from_fcc
6029,"Yaesu Musen Co., Ltd.",150,K66VX-150,K6620,K66,Standard,brand_code_differs_from_fcc
5995,"Yaesu Musen Co., Ltd.",1500M,K66FT-1500M,K6620,K66,Standard,brand_code_differs_from_fcc
6030,"Yaesu Musen Co., Ltd.",160U,K66VX-160U,K6620,K66,Standard,brand_code_differs_from_fcc
6031,"Yaesu Musen Co., Ltd.",160U-2,K66VX-160U-2,K6620,K66,Standard,brand_code_differs_from_fcc
6032,"Yaesu Musen Co., Ltd.",160V,K66VX-160V,K6620,K66,Standard,brand_code_differs_from_fcc
6033,"Yaesu Musen Co., Ltd.",1R,K66VX-1R,K6620,K66,Standard,brand_code_differs_from_fcc
6106,"Yaesu Musen Co., Ltd.",200,K66VXA-200,K6620,K66,Standard,brand_code_differs_from_fcc
6034,"Yaesu Musen Co., Ltd.",2000U,K66VX-2000U,K6620,K66,Standard,brand_code_differs_from_fcc
6035,"Yaesu Musen Co., Ltd.",2000U-2,K66VX-2000U-2,K6620,K66,Standard,brand_code_differs_from_fcc
6036,"Yaesu Musen Co., Ltd.",2000U-3,K66VX-2000U-3,K6620,K66,Standard,brand_code_differs_from_fcc
6037,"Yaesu Musen Co., Ltd.",2000V,K66VX-2000V,K6620,K66,Standard,brand_code_differs_from_fcc
6038,"Yaesu Musen Co., Ltd.",2000V-2,K66VX-2000V-2,K6620,K66,Standard,brand_code_differs_from_fcc
6039,"Yaesu Musen Co., Ltd.",200U,K66VX-200U,K6620,K66,Standard,brand_code_differs_from_fcc
6040,"Yaesu Musen Co., Ltd.",200U-2,K66VX-200U-2,K6620,K66,Standard,brand_code_differs_from_fcc
6041,"Yaesu Musen Co., Ltd.",200U-3,K66VX-200U-3,K6620,K66,Standard,brand_code_differs_from_fcc
6042,"Yaesu Musen Co., Ltd.",200UN,K66VX-200UN,K6620,K66,Standard,brand_code_differs_from_fcc
6043,"Yaesu Musen Co., Ltd.",200V,K66VX-200V,K6620,K66,Standard,brand_code_differs_from_fcc
6044,"Yaesu Musen Co., Ltd.",200V-2,K66VX-200V-2,K6620,K66,Standard,brand_code_differs_from_fcc
6045,"Yaesu Musen Co., Ltd.",200V-3,K66VX-200V-3,K6620,K66,Standard,brand_code_differs_from_fcc
6046,"Yaesu Musen Co., Ltd.",200V-4,K66VX-200V-4,K6620,K66,Standard,brand_code_differs_from_fcc
6047,"Yaesu Musen Co., Ltd.",200VN,K66VX-200VN,K6620,K66,Standard,brand_code_differs_from_fcc
3631,"Yaesu Musen Co., Ltd.",20101X60,K66101X60,K6620,K66,Standard,brand_code_differs_from_fcc
3599,"Yaesu Musen Co., Ltd.",20101X70,K66101X70,K6620,K66,Standard,brand_code_differs_from_fcc
3560,"Yaesu Musen Co., Ltd.",20165X40,K66165X40,K6620,K66,Standard,brand_code_differs_from_fcc
3689,"Yaesu Musen Co., Ltd.",20175X20,K66175X20,K6620,K66,Standard,brand_code_differs_from_fcc
3729,"Yaesu Musen Co., Ltd.",20215X20,K66215X20,K6620,K66,Standard,brand_code_differs_from_fcc
3551,"Yaesu Musen Co., Ltd.",20223X20,K66223X20,K6620,K66,Standard,brand_code_differs_from_fcc
3582,"Yaesu Musen Co., Ltd.",20224X20,K66224X20,K6620,K66,Standard,brand_code_differs_from_fcc
3580,"Yaesu Musen Co., Ltd.",20233X40,K66233X40,K6620,K66,Standard,brand_code_differs_from_fcc
3701,"Yaesu Musen Co., Ltd.",20241X50,K66241X50,K6620,K66,Standard,brand_code_differs_from_fcc
3684,"Yaesu Musen Co., Ltd.",20251X50,K66251X50,K6620,K66,Standard,brand_code_differs_from_fcc
3609,"Yaesu Musen Co., Ltd.",20251X70,K66251X70,K6620,K66,Standard,brand_code_differs_from_fcc
3628,"Yaesu Musen Co., Ltd.",20275X40,K66275X40,K6620,K66,Standard,brand_code_differs_from_fcc
3660,"Yaesu Musen Co., Ltd.",20285X20,K66285X20,K6620,K66,Standard,brand_code_differs_from_fcc
3588,"Yaesu Musen Co., Ltd.",20295X20,K66295X20,K6620,K66,Standard,brand_code_differs_from_fcc
3614,"Yaesu Musen Co., Ltd.",20305X30,K66305X30,K6620,K66,Standard,brand_code_differs_from_fcc
3621,"Yaesu Musen Co., Ltd.",20311X50,K66311X50,K6620,K66,Standard,brand_code_differs_from_fcc
3584,"Yaesu Musen Co., Ltd.",20321X70,K66321X70,K6620,K66,Standard,brand_code_differs_from_fcc
3744,"Yaesu Musen Co., Ltd.",20335X40,K66335X40,K6620,K66,Standard,brand_code_differs_from_fcc
3596,"Yaesu Musen Co., Ltd.",20345X40,K66345X40,K6620,K66,Standard,brand_code_differs_from_fcc
3571,"Yaesu Musen Co., Ltd.",20361X60,K66361X60,K6620,K66,Standard,brand_code_differs_from_fcc
3680,"Yaesu Musen Co., Ltd.",20361X61,K66361X61,K6620,K66,Standard,brand_code_differs_from_fcc
3630,"Yaesu Musen Co., Ltd.",20393X50,K66393X50,K6620,K66,Standard,brand_code_differs_from_fcc
3566,"Yaesu Musen Co., Ltd.",20415X20,K66415X20,K6620,K66,Standard,brand_code_differs_from_fcc
3576,"Yaesu Musen Co., Ltd.",20445X20,K66445X20,K6620,K66,Standard,brand_code_differs_from_fcc
3556,"Yaesu Musen Co., Ltd.",20461X50,K66461X50,K6620,K66,Standard,brand_code_differs_from_fcc
3613,"Yaesu Musen Co., Ltd.",20485X40,K66485X40,K6620,K66,Standard,brand_code_differs_from_fcc
3605,"Yaesu Musen Co., Ltd.",20515X20,K66515X20,K6620,K66,Standard,brand_code_differs_from_fcc
3711,"Yaesu Musen Co., Ltd.",20523X50,K66523X50,K6620,K66,Standard,brand_code_differs_from_fcc
3555,"Yaesu Musen Co., Ltd.",20523X51,K66523X51,K6620,K66,Standard,brand_code_differs_from_fcc
3591,"Yaesu Musen Co., Ltd.",20533X20,K66533X20,K6620,K66,Standard,brand_code_differs_from_fcc
3731,"Yaesu Musen Co., Ltd.",20534X20,K66534X20,K6620,K66,Standard,brand_code_differs_from_fcc
3575,"Yaesu Musen Co., Ltd.",20575X50,K66575X50,K6620,K66,Standard,brand_code_differs_from_fcc
3681,"Yaesu Musen Co., Ltd.",20581X50,K66581X50,K6620,K66,Standard,brand_code_differs_from_fcc
3598,"Yaesu Musen Co., Ltd.",20605X20,K66605X20,K6620,K66,Standard,brand_code_differs_from_fcc
3574,"Yaesu Musen Co., Ltd.",20615X40,K66615X40,K6620,K66,Standard,brand_code_differs_from_fcc
3618,"Yaesu Musen Co., Ltd.",20621X50,K66621X50,K6620,K66,Standard,brand_code_differs_from_fcc
3672,"Yaesu Musen Co., Ltd.",20651X50,K66651X50,K6620,K66,Standard,brand_code_differs_from_fcc
3745,"Yaesu Musen Co., Ltd.",20663X20,K66663X20,K6620,K66,Standard,brand_code_differs_from_fcc
3561,"Yaesu Musen Co., Ltd.",20665X20,K66665X20,K6620,K66,Standard,brand_code_differs_from_fcc
3650,"Yaesu Musen Co., Ltd.",20681X50,K66681X50,K6620,K66,Standard,brand_code_differs_from_fcc
3632,"Yaesu Musen Co., Ltd.",20681X60,K66681X60,K6620,K66,Standard,brand_code_differs_from_fcc
3572,"Yaesu Musen Co., Ltd.",20693X20,K66693X20,K6620,K66,Standard,brand_code_differs_from_fcc
3679,"Yaesu Musen Co., Ltd.",20695X20,K66695X20,K6620,K66,Standard,brand_code_differs_from_fcc
3697,"Yaesu Musen Co., Ltd.",20715X40,K66715X40,K6620,K66,Standard,brand_code_differs_from_fcc
3694,"Yaesu Musen Co., Ltd.",20725X20,K66725X20,K6620,K66,Standard,brand_code_differs_from_fcc
3741,"Yaesu Musen Co., Ltd.",20754X50,K66754X50,K6620,K66,Standard,brand_code_differs_from_fcc
3722,"Yaesu Musen Co., Ltd.",20755X40,K66755X40,K6620,K66,Standard,brand_code_differs_from_fcc
3730,"Yaesu Musen Co., Ltd.",20761X50,K66761X50,K6620,K66,Standard,brand_code_differs_from_fcc
3622,"Yaesu Musen Co., Ltd.",20795X40,K66795X40,K6620,K66,Standard,brand_code_differs_from_fcc
3739,"Yaesu Musen Co., Ltd.",20801X50,K66801X50,K6620,K66,Standard,brand_code_differs_from_fcc
3707,"Yaesu Musen Co., Ltd.",20815X40,K66815X40,K6620,K66,Standard,brand_code_differs_from_fcc
3705,"Yaesu Musen Co., Ltd.",20825X21,K66825X21,K6620,K66,Standard,brand_code_differs_from_fcc
3712,"Yaesu Musen Co., Ltd.",20825X22,K66825X22,K6620,K66,Standard,brand_code_differs_from_fcc
3634,"Yaesu Musen Co., Ltd.",20845X30,K66845X30,K6620,K66,Standard,brand_code_differs_from_fcc
3726,"Yaesu Musen Co., Ltd.",20865X50,K66865X50,K6620,K66,Standard,brand_code_differs_from_fcc
3685,"Yaesu Musen Co., Ltd.",20873X50,K66873X50,K6620,K66,Standard,brand_code_differs_from_fcc
3586,"Yaesu Musen Co., Ltd.",20883X50,K66883X50,K6620,K66,Standard,brand_code_differs_from_fcc
3723,"Yaesu Musen Co., Ltd.",20895X50,K66895X50,K6620,K66,Standard,brand_code_differs_from_fcc
3646,"Yaesu Musen Co., Ltd.",20915X50,K66915X50,K6620,K66,Standard,brand_code_differs_from_fcc
6110,"Yaesu Musen Co., Ltd.",20A,K66VXF-20A,K6620,K66,Standard,brand_code_differs_from_fcc
6111,"Yaesu Musen Co., Ltd.",20B,K66VXF-20B,K6620,K66,Standard,brand_code_differs_from_fcc
6048,"Yaesu Musen Co., Ltd.",210U,K66VX-210U,K6620,K66,Standard,brand_code_differs_from_fcc
6049,"Yaesu Musen Co., Ltd.",210U-2,K66VX-210U-2,K6620,K66,Standard,brand_code_differs_from_fcc
6050,"Yaesu Musen Co., Ltd.",210V,K66VX-210V,K6620,K66,Standard,brand_code_differs_from_fcc
5996,"Yaesu Musen Co., Ltd.",2500M,K66FT-2500M,K6620,K66,Standard,brand_code_differs_from_fcc
6051,"Yaesu Musen Co., Ltd.",2500U,K66VX-2500U,K6620,K66,Standard,brand_code_differs_from_fcc
6052,"Yaesu Musen Co., Ltd.",2500V,K66VX-2500V,K6620,K66,Standard,brand_code_differs_from_fcc
5997,"Yaesu Musen Co., Ltd.",2600M,K66FT-2600M,K6620,K66,Standard,brand_code_differs_from_fcc
5998,"Yaesu Musen Co., Ltd.",2800M,K66FT-2800M,K6620,K66,Standard,brand_code_differs_from_fcc
6112,"Yaesu Musen Co., Ltd.",2A,K66VXF-2A,K6620,K66,Standard,brand_code_differs_from_fcc
6113,"Yaesu Musen Co., Ltd.",2B,K66VXF-2B,K6620,K66,Standard,brand_code_differs_from_fcc
6053,"Yaesu Musen Co., Ltd.",2R,K66VX-2R,K6620,K66,Standard,brand_code_differs_from_fcc
5999,"Yaesu Musen Co., Ltd.",3000,K66FT-3000,K6620,K66,Standard,brand_code_differs_from_fcc
6054,"Yaesu Musen Co., Ltd.",3000L,K66VX-3000L,K6620,K66,Standard,brand_code_differs_from_fcc
6055,"Yaesu Musen Co., Ltd.",3000L-2,K66VX-3000L-2,K6620,K66,Standard,brand_code_differs_from_fcc
6056,"Yaesu Musen Co., Ltd.",3000U,K66VX-3000U,K6620,K66,Standard,brand_code_differs_from_fcc
6057,"Yaesu Musen Co., Ltd.",3000U-2,K66VX-3000U-2,K6620,K66,Standard,brand_code_differs_from_fcc
6058,"Yaesu Musen Co., Ltd.",3000U-3,K66VX-3000U-3,K6620,K66,Standard,brand_code_differs_from_fcc
6059,"Yaesu Musen Co., Ltd.",3000V,K66VX-3000V,K6620,K66,Standard,brand_code_differs_from_fcc
6060,"Yaesu Musen Co., Ltd.",3000V-2,K66VX-3000V-2,K6620,K66,Standard,brand_code_differs_from_fcc
3721,"Yaesu Musen Co., Ltd.",30043X30,K6630043X30,K6620,K66,Standard,brand_code_differs_from_fcc
3708,"Yaesu Musen Co., Ltd.",30053X30,K6630053X30,K6620,K66,Standard,brand_code_differs_from_fcc
3691,"Yaesu Musen Co., Ltd.",30063X30,K6630063X30,K6620,K66,Standard,brand_code_differs_from_fcc
3587,"Yaesu Musen Co., Ltd.",30073X20,K6630073X20,K6620,K66,Standard,brand_code_differs_from_fcc
3633,"Yaesu Musen Co., Ltd.",30083220,K6630083220,K6620,K66,Standard,brand_code_differs_from_fcc
6061,"Yaesu Musen Co., Ltd.",300V,K66VX-300V,K6620,K66,Standard,brand_code_differs_from_fcc
6062,"Yaesu Musen Co., Ltd.",300V-2,K66VX-300V-2,K6620,K66,Standard,brand_code_differs_from_fcc
3612,"Yaesu Musen Co., Ltd.",30143X3D,K6630143X3D,K6620,K66,Standard,brand_code_differs_from_fcc
3602,"Yaesu Musen Co., Ltd.",30163X3S,K6630163X3S,K6620,K66,Standard,brand_code_differs_from_fcc
3700,"Yaesu Musen Co., Ltd.",30173X3D,K6630173X3D,K6620,K66,Standard,brand_code_differs_from_fcc
3733,"Yaesu Musen Co., Ltd.",30183X20,K6630183X20,K6620,K66,Standard,brand_code_differs_from_fcc
3553,"Yaesu Musen Co., Ltd.",30193X20,K6630193X20,K6620,K66,Standard,brand_code_differs_from_fcc
3573,"Yaesu Musen Co., Ltd.",30283X3S,K6630283X3S,K6620,K66,Standard,brand_code_differs_from_fcc
3713,"Yaesu Musen Co., Ltd.",30303X3S,K6630303X3S,K6620,K66,Standard,brand_code_differs_from_fcc
3645,"Yaesu Musen Co., Ltd.",30313X30,K6630313X30,K6620,K66,Standard,brand_code_differs_from_fcc
3641,"Yaesu Musen Co., Ltd.",30323X30,K6630323X30,K6620,K66,Standard,brand_code_differs_from_fcc
3563,"Yaesu Musen Co., Ltd.",30373X3D,K6630373X3D,K6620,K66,Standard,brand_code_differs_from_fcc
3594,"Yaesu Musen Co., Ltd.",30383X20,K6630383X20,K6620,K66,Standard,brand_code_differs_from_fcc
3624,"Yaesu Musen Co., Ltd.",30393X20,K6630393X20,K6620,K66,Standard,brand_code_differs_from_fcc
3595,"Yaesu Musen Co., Ltd.",30394X20,K6630394X20,K6620,K66,Standard,brand_code_differs_from_fcc
3562,"Yaesu Musen Co., Ltd.",30443X3D,K6630443X3D,K6620,K66,Standard,brand_code_differs_from_fcc
3657,"Yaesu Musen Co., Ltd.",30453X20,K6630453X20,K6620,K66,Standard,brand_code_differs_from_fcc
3552,"Yaesu Musen Co., Ltd.",30483X3D,K6630483X3D,K6620,K66,Standard,brand_code_differs_from_fcc
3663,"Yaesu Musen Co., Ltd.",30493X20,K6630493X20,K6620,K66,Standard,brand_code_differs_from_fcc
3693,"Yaesu Musen Co., Ltd.",30553X20,K6630553X20,K6620,K66,Standard,brand_code_differs_from_fcc
3671,"Yaesu Musen Co., Ltd.",30563X20,K6630563X20,K6620,K66,Standard,brand_code_differs_from_fcc
3695,"Yaesu Musen Co., Ltd.",30573X30,K6630573X30,K6620,K66,Standard,brand_code_differs_from_fcc
3714,"Yaesu Musen Co., Ltd.",30583X3D,K6630583X3D,K6620,K66,Standard,brand_code_differs_from_fcc
3585,"Yaesu Musen Co., Ltd.",30593X3D,K6630593X3D,K6620,K66,Standard,brand_code_differs_from_fcc
3710,"Yaesu Musen Co., Ltd.",30613X30,K6630613X30,K6620,K66,Standard,brand_code_differs_from_fcc
3727,"Yaesu Musen Co., Ltd.",30623X30,K6630623X30,K6620,K66,Standard,brand_code_differs_from_fcc
3659,"Yaesu Musen Co., Ltd.",30633X30,K6630633X30,K6620,K66,Standard,brand_code_differs_from_fcc
3704,"Yaesu Musen Co., Ltd.",30643X3D,K6630643X3D,K6620,K66,Standard,brand_code_differs_from_fcc
3568,"Yaesu Musen Co., Ltd.",30653X3D,K6630653X3D,K6620,K66,Standard,brand_code_differs_from_fcc
3589,"Yaesu Musen Co., Ltd.",30653Y3D,K6630653Y3D,K6620,K66,Standard,brand_code_differs_from_fcc
3690,"Yaesu Musen Co., Ltd.",30673X3D,K6630673X3D,K6620,K66,Standard,brand_code_differs_from_fcc
3549,"Yaesu Musen Co., Ltd.",30673Y3D,K6630673Y3D,K6620,K66,Standard,brand_code_differs_from_fcc
3593,"Yaesu Musen Co., Ltd.",30683X30,K6630683X30,K6620,K66,Standard,brand_code_differs_from_fcc
3668,"Yaesu Musen Co., Ltd.",30703X30,K6630703X30,K6620,K66,Standard,brand_code_differs_from_fcc
6063,"Yaesu Musen Co., Ltd.",3200U,K66VX-3200U,K6620,K66,Standard,brand_code_differs_from_fcc
6064,"Yaesu Musen Co., Ltd.",3200U-2,K66VX-3200U-2,K6620,K66,Standard,brand_code_differs_from_fcc
6065,"Yaesu Musen Co., Ltd.",3200U-3,K66VX-3200U-3,K6620,K66,Standard,brand_code_differs_from_fcc
6066,"Yaesu Musen Co., Ltd.",3200V,K66VX-3200V,K6620,K66,Standard,brand_code_differs_from_fcc
6067,"Yaesu Musen Co., Ltd.",3200V-2,K66VX-3200V-2,K6620,K66,Standard,brand_code_differs_from_fcc
6068,"Yaesu Musen Co., Ltd.",4000L,K66VX-4000L,K6620,K66,Standard,brand_code_differs_from_fcc
6069,"Yaesu Musen Co., Ltd.",4000U-2E,K66VX-4000U-2E,K6620,K66,Standard,brand_code_differs_from_fcc
6070,"Yaesu Musen Co., Ltd.",4000U-3E,K66VX-4000U-3E,K6620,K66,Standard,brand_code_differs_from_fcc
6071,"Yaesu Musen Co., Ltd.",4000UE,K66VX-4000UE,K6620,K66,Standard,brand_code_differs_from_fcc
6072,"Yaesu Musen Co., Ltd.",4000VE,K66VX-4000VE,K6620,K66,Standard,brand_code_differs_from_fcc
6073,"Yaesu Musen Co., Ltd.",400U,K66VX-400U,K6620,K66,Standard,brand_code_differs_from_fcc
6074,"Yaesu Musen Co., Ltd.",400V,K66VX-400V,K6620,K66,Standard,brand_code_differs_from_fcc
6075,"Yaesu Musen Co., Ltd.",400V-2,K66VX-400V-2,K6620,K66,Standard,brand_code_differs_from_fcc
6000,"Yaesu Musen Co., Ltd.",40R,K66FT-40R,K6620,K66,Standard,brand_code_differs_from_fcc
6076,"Yaesu Musen Co., Ltd.",4204-0H,K66VX-4204-0H,K6620,K66,Standard,brand_code_differs_from_fcc
6020,"Yaesu Musen Co., Ltd.",500,K66VR-500,K6620,K66,Standard,brand_code_differs_from_fcc
6021,"Yaesu Musen Co., Ltd.",5000,K66VR-5000,K6620,K66,Standard,brand_code_differs_from_fcc
6116,"Yaesu Musen Co., Ltd.",5000U,K66VXR-5000U,K6620,K66,Standard,brand_code_differs_from_fcc
6117,"Yaesu Musen Co., Ltd.",5000U-2,K66VXR-5000U-2,K6620,K66,Standard,brand_code_differs_from_fcc
6118,"Yaesu Musen Co., Ltd.",5000U-3,K66VXR-5000U-3,K6620,K66,Standard,brand_code_differs_from_fcc
6119,"Yaesu Musen Co., Ltd.",5000UN,K66VXR-5000UN,K6620,K66,Standard,brand_code_differs_from_fcc
3640,"Yaesu Musen Co., Ltd.",50013X20,K6650013X20,K6620,K66,Standard,brand_code_differs_from_fcc
3661,"Yaesu Musen Co., Ltd.",50023X20,K6650023X20,K6620,K66,Standard,brand_code_differs_from_fcc
3600,"Yaesu Musen Co., Ltd.",50033X30,K6650033X30,K6620,K66,Standard,brand_code_differs_from_fcc
6077,"Yaesu Musen Co., Ltd.",500L,K66VX-500L,K6620,K66,Standard,brand_code_differs_from_fcc
6078,"Yaesu Musen Co., Ltd.",500L-2,K66VX-500L-2,K6620,K66,Standard,brand_code_differs_from_fcc
6079,"Yaesu Musen Co., Ltd.",500U,K66VX-500U,K6620,K66,Standard,brand_code_differs_from_fcc
6080,"Yaesu Musen Co., Ltd.",500U-2,K66VX-500U-2,K6620,K66,Standard,brand_code_differs_from_fcc
6081,"Yaesu Musen Co., Ltd.",500U-3,K66VX-500U-3,K6620,K66,Standard,brand_code_differs_from_fcc
6082,"Yaesu Musen Co., Ltd.",500U-4,K66VX-500U-4,K6620,K66,Standard,brand_code_differs_from_fcc
6083,"Yaesu Musen Co., Ltd.",500UN,K66VX-500UN,K6620,K66,Standard,brand_code_differs_from_fcc
6001,"Yaesu Musen Co., Ltd.",50R,K66FT-50R,K6620,K66,Standard,brand_code_differs_from_fcc
6084,"Yaesu Musen Co., Ltd.",510L,K66VX-510L,K6620,K66,Standard,brand_code_differs_from_fcc
6085,"Yaesu Musen Co., Ltd.",510L-2,K66VX-510L-2,K6620,K66,Standard,brand_code_differs_from_fcc
6086,"Yaesu Musen Co., Ltd.",510U,K66VX-510U,K6620,K66,Standard,brand_code_differs_from_fcc
6087,"Yaesu Musen Co., Ltd.",510U-1,K66VX-510U-1,K6620,K66,Standard,brand_code_differs_from_fcc
6088,"Yaesu Musen Co., Ltd.",510V,K66VX-510V,K6620,K66,Standard,brand_code_differs_from_fcc
6002,"Yaesu Musen Co., Ltd.",51R,K66FT-51R,K6620,K66,Standard,brand_code_differs_from_fcc
6089,"Yaesu Musen Co., Ltd.",5500L,K66VX-5500L,K6620,K66,Standard,brand_code_differs_from_fcc
6090,"Yaesu Musen Co., Ltd.",5500U,K66VX-5500U,K6620,K66,Standard,brand_code_differs_from_fcc
6091,"Yaesu Musen Co., Ltd.",5500V,K66VX-5500V,K6620,K66,Standard,brand_code_differs_from_fcc
6092,"Yaesu Musen Co., Ltd.",5500V-2,K66VX-5500V-2,K6620,K66,Standard,brand_code_differs_from_fcc
6093,"Yaesu Musen Co., Ltd.",5R,K66VX-5R,K6620,K66,Standard,brand_code_differs_from_fcc
6094,"Yaesu Musen Co., Ltd.",6000L,K66VX-6000L,K6620,K66,Standard,brand_code_differs_from_fcc
6095,"Yaesu Musen Co., Ltd.",6000U,K66VX-6000U,K6620,K66,Standard,brand_code_differs_from_fcc
6096,"Yaesu Musen Co., Ltd.",6000V,K66VX-6000V,K6620,K66,Standard,brand_code_differs_from_fcc
3427,"Yaesu Musen Co., Ltd.",600LMR,K66600LMR,K6620,K66,Standard,brand_code_differs_from_fcc
6107,"Yaesu Musen Co., Ltd.",700,K66VXA-700,K6620,K66,Standard,brand_code_differs_from_fcc
6120,"Yaesu Musen Co., Ltd.",7000U,K66VXR-7000U,K6620,K66,Standard,brand_code_differs_from_fcc
6121,"Yaesu Musen Co., Ltd.",7000U-2,K66VXR-7000U-2,K6620,K66,Standard,brand_code_differs_from_fcc
6122,"Yaesu Musen Co., Ltd.",7000V,K66VXR-7000V,K6620,K66,Standard,brand_code_differs_from_fcc
6003,"Yaesu Musen Co., Ltd.",7100M,K66FT-7100M,K6620,K66,Standard,brand_code_differs_from_fcc
6097,"Yaesu Musen Co., Ltd.",7R,K66VX-7R,K6620,K66,Standard,brand_code_differs_from_fcc
6004,"Yaesu Musen Co., Ltd.",8000R,K66FT-8000R,K6620,K66,Standard,brand_code_differs_from_fcc
6098,"Yaesu Musen Co., Ltd.",800U,K66VX-800U,K6620,K66,Standard,brand_code_differs_from_fcc
6099,"Yaesu Musen Co., Ltd.",800U-2,K66VX-800U-2,K6620,K66,Standard,brand_code_differs_from_fcc
6100,"Yaesu Musen Co., Ltd.",800V,K66VX-800V,K6620,K66,Standard,brand_code_differs_from_fcc
6017,"Yaesu Musen Co., Ltd.",8011,K66FTL-8011,K6620,K66,Standard,brand_code_differs_from_fcc
6005,"Yaesu Musen Co., Ltd.",8100R,K66FT-8100R,K6620,K66,Standard,brand_code_differs_from_fcc
6006,"Yaesu Musen Co., Ltd.",817,K66FT-817,K6620,K66,Standard,brand_code_differs_from_fcc
6007,"Yaesu Musen Co., Ltd.",847,K66FT-847,K6620,K66,Standard,brand_code_differs_from_fcc
6008,"Yaesu Musen Co., Ltd.",8500,K66FT-8500,K6620,K66,Standard,brand_code_differs_from_fcc
6009,"Yaesu Musen Co., Ltd.",857,K66FT-857,K6620,K66,Standard,brand_code_differs_from_fcc
6010,"Yaesu Musen Co., Ltd.",8800R,K66FT-8800R,K6620,K66,Standard,brand_code_differs_from_fcc
6011,"Yaesu Musen Co., Ltd.",8900R,K66FT-8900R,K6620,K66,Standard,brand_code_differs_from_fcc
6012,"Yaesu Musen Co., Ltd.",897,K66FT-897,K6620,K66,Standard,brand_code_differs_from_fcc
6123,"Yaesu Musen Co., Ltd.",9000U,K66VXR-9000U,K6620,K66,Standard,brand_code_differs_from_fcc
6101,"Yaesu Musen Co., Ltd.",900U,K66VX-900U,K6620,K66,Standard,brand_code_differs_from_fcc
6102,"Yaesu Musen Co., Ltd.",900U-2,K66VX-900U-2,K6620,K66,Standard,brand_code_differs_from_fcc
6103,"Yaesu Musen Co., Ltd.",900U-3,K66VX-900U-3,K6620,K66,Standard,brand_code_differs_from_fcc
6104,"Yaesu Musen Co., Ltd.",900V,K66VX-900V,K6620,K66,Standard,brand_code_differs_from_fcc
6105,"Yaesu Musen Co., Ltd.",900V-2,K66VX-900V-2,K6620,K66,Standard,brand_code_differs_from_fcc
6013,"Yaesu Musen Co., Ltd.",90R,K66FT-90R,K6620,K66,Standard,brand_code_differs_from_fcc
6014,"Yaesu Musen Co., Ltd.",920,K66FT-920,K6620,K66,Standard,brand_code_differs_from_fcc
3495,"Yaesu Musen Co., Ltd.",FT-100,K66-FT-100,K6620,K66,Standard,brand_code_differs_from_fcc
3428,"Yaesu Musen Co., Ltd.",FT-10R,K66-FT-10R,K6620,K66,Standard,brand_code_differs_from_fcc
2807,"Yaesu Musen Co., Ltd.",FT-11R,K66-FT-11R,K6620,K66,Standard,brand_code_differs_from_fcc
3517,"Yaesu Musen Co., Ltd.",FT-1500M,K66-FT-1500M,K6620,K66,Standard,brand_code_differs_from_fcc
2808,"Yaesu Musen Co., Ltd.",FT-1DR,K66-FT-1DR,K6620,K66,Standard,brand_code_differs_from_fcc
2809,"Yaesu Musen Co., Ltd.",FT-203R,K66-FT-203R,K6620,K66,Standard,brand_code_differs_from_fcc
2810,"Yaesu Musen Co., Ltd.",FT-208R,K66-FT-208R,K6620,K66,Standard,brand_code_differs_from_fcc
2811,"Yaesu Musen Co., Ltd.",FT-209R,K66-FT-209R,K6620,K66,Standard,brand_code_differs_from_fcc
2812,"Yaesu Musen Co., Ltd.",FT-23R,K66-FT-23R,K6620,K66,Standard,brand_code_differs_from_fcc
3429,"Yaesu Musen Co., Ltd.",FT-2500M,K66-FT-2500M,K6620,K66,Standard,brand_code_differs_from_fcc
2813,"Yaesu Musen Co., Ltd.",FT-250R,K66-FT-250R,K6620,K66,Standard,brand_code_differs_from_fcc
2814,"Yaesu Musen Co., Ltd.",FT-25R,K66-FT-25R,K6620,K66,Standard,brand_code_differs_from_fcc
2815,"Yaesu Musen Co., Ltd.",FT-26,K66-FT-26,K6620,K66,Standard,brand_code_differs_from_fcc
3502,"Yaesu Musen Co., Ltd.",FT-2600M,K66-FT-2600M,K6620,K66,Standard,brand_code_differs_from_fcc
2816,"Yaesu Musen Co., Ltd.",FT-270R,K66-FT-270R,K6620,K66,Standard,brand_code_differs_from_fcc
3647,"Yaesu Musen Co., Ltd.",FT-2800M,K66-FT-2800M,K6620,K66,Standard,brand_code_differs_from_fcc
2817,"Yaesu Musen Co., Ltd.",FT-2D,K66-FT-2D,K6620,K66,Standard,brand_code_differs_from_fcc
2818,"Yaesu Musen Co., Ltd.",FT-2DR,K66-FT-2DR,K6620,K66,Standard,brand_code_differs_from_fcc
2819,"Yaesu Musen Co., Ltd.",FT-2X,K66-FT-2X,K6620,K66,Standard,brand_code_differs_from_fcc
2820,"Yaesu Musen Co., Ltd.",FT-30,K66-FT-30,K6620,K66,Standard,brand_code_differs_from_fcc
3430,"Yaesu Musen Co., Ltd.",FT-3000,K66-FT-3000,K6620,K66,Standard,brand_code_differs_from_fcc
2821,"Yaesu Musen Co., Ltd.",FT-33R,K66-FT-33R,K6620,K66,Standard,brand_code_differs_from_fcc
2822,"Yaesu Musen Co., Ltd.",FT-3D,K66-FT-3D,K6620,K66,Standard,brand_code_differs_from_fcc
2823,"Yaesu Musen Co., Ltd.",FT-3DR,K66-FT-3DR,K6620,K66,Standard,brand_code_differs_from_fcc
2824,"Yaesu Musen Co., Ltd.",FT-40,K66-FT-40,K6620,K66,Standard,brand_code_differs_from_fcc
3431,"Yaesu Musen Co., Ltd.",FT-40R,K66-FT-40R,K6620,K66,Standard,brand_code_differs_from_fcc
2825,"Yaesu Musen Co., Ltd.",FT-411E,K66-FT-411E,K6620,K66,Standard,brand_code_differs_from_fcc
2826,"Yaesu Musen Co., Ltd.",FT-41R,K66-FT-41R,K6620,K66,Standard,brand_code_differs_from_fcc
2827,"Yaesu Musen Co., Ltd.",FT-470,K66-FT-470,K6620,K66,Standard,brand_code_differs_from_fcc
2828,"Yaesu Musen Co., Ltd.",FT-4VR,K66-FT-4VR,K6620,K66,Standard,brand_code_differs_from_fcc
2829,"Yaesu Musen Co., Ltd.",FT-4X,K66-FT-4X,K6620,K66,Standard,brand_code_differs_from_fcc
2830,"Yaesu Musen Co., Ltd.",FT-4XE,K66-FT-4XE,K6620,K66,Standard,brand_code_differs_from_fcc
2831,"Yaesu Musen Co., Ltd.",FT-4XR,K66-FT-4XR,K6620,K66,Standard,brand_code_differs_from_fcc
3432,"Yaesu Musen Co., Ltd.",FT-50R,K66-FT-50R,K6620,K66,Standard,brand_code_differs_from_fcc
3433,"Yaesu Musen Co., Ltd.",FT-51R,K66-FT-51R,K6620,K66,Standard,brand_code_differs_from_fcc
2834,"Yaesu Musen Co., Ltd.",FT-530,K66-FT-530,K6620,K66,Standard,brand_code_differs_from_fcc
2835,"Yaesu Musen Co., Ltd.",FT-5D,K66-FT-5D,K6620,K66,Standard,brand_code_differs_from_fcc
2836,"Yaesu Musen Co., Ltd.",FT-5DE,K66-FT-5DE,K6620,K66,Standard,brand_code_differs_from_fcc
2837,"Yaesu Musen Co., Ltd.",FT-5DR,K66-FT-5DR,K6620,K66,Standard,brand_code_differs_from_fcc
2838,"Yaesu Musen Co., Ltd.",FT-60R,K66-FT-60R,K6620,K66,Standard,brand_code_differs_from_fcc
2839,"Yaesu Musen Co., Ltd.",FT-65E,K66-FT-65E,K6620,K66,Standard,brand_code_differs_from_fcc
2840,"Yaesu Musen Co., Ltd.",FT-65R,K66-FT-65R,K6620,K66,Standard,brand_code_differs_from_fcc
2841,"Yaesu Musen Co., Ltd.",FT-703R,K66-FT-703R,K6620,K66,Standard,brand_code_differs_from_fcc
2842,"Yaesu Musen Co., Ltd.",FT-708R,K66-FT-708R,K6620,K66,Standard,brand_code_differs_from_fcc
2843,"Yaesu Musen Co., Ltd.",FT-70D,K66-FT-70D,K6620,K66,Standard,brand_code_differs_from_fcc
2844,"Yaesu Musen Co., Ltd.",FT-70DR,K66-FT-70DR,K6620,K66,Standard,brand_code_differs_from_fcc
2845,"Yaesu Musen Co., Ltd.",FT-70G,K66-FT-70G,K6620,K66,Standard,brand_code_differs_from_fcc
3534,"Yaesu Musen Co., Ltd.",FT-7100M,K66-FT-7100M,K6620,K66,Standard,brand_code_differs_from_fcc
2846,"Yaesu Musen Co., Ltd.",FT-727,K66-FT-727,K6620,K66,Standard,brand_code_differs_from_fcc
2847,"Yaesu Musen Co., Ltd.",FT-73R,K66-FT-73R,K6620,K66,Standard,brand_code_differs_from_fcc
2848,"Yaesu Musen Co., Ltd.",FT-76,K66-FT-76,K6620,K66,Standard,brand_code_differs_from_fcc
3434,"Yaesu Musen Co., Ltd.",FT-8000R,K66-FT-8000R,K6620,K66,Standard,brand_code_differs_from_fcc
3435,"Yaesu Musen Co., Ltd.",FT-8100R,K66-FT-8100R,K6620,K66,Standard,brand_code_differs_from_fcc
3524,"Yaesu Musen Co., Ltd.",FT-817,K66-FT-817,K6620,K66,Standard,brand_code_differs_from_fcc
2850,"Yaesu Musen Co., Ltd.",FT-818,K66-FT-818,K6620,K66,Standard,brand_code_differs_from_fcc
3436,"Yaesu Musen Co., Ltd.",FT-847,K66-FT-847,K6620,K66,Standard,brand_code_differs_from_fcc
3437,"Yaesu Musen Co., Ltd.",FT-8500,K66-FT-8500,K6620,K66,Standard,brand_code_differs_from_fcc
3738,"Yaesu Musen Co., Ltd.",FT-857,K66-FT-857,K6620,K66,Standard,brand_code_differs_from_fcc
3550,"Yaesu Musen Co., Ltd.",FT-8800R,K66-FT-8800R,K6620,K66,Standard,brand_code_differs_from_fcc
3625,"Yaesu Musen Co., Ltd.",FT-8900R,K66-FT-8900R,K6620,K66,Standard,brand_code_differs_from_fcc
3570,"Yaesu Musen Co., Ltd.",FT-897,K66-FT-897,K6620,K66,Standard,brand_code_differs_from_fcc
3503,"Yaesu Musen Co., Ltd.",FT-90R,K66-FT-90R,K6620,K66,Standard,brand_code_differs_from_fcc
2851,"Yaesu Musen Co., Ltd.",FT-911,K66-FT-911,K6620,K66,Standard,brand_code_differs_from_fcc
3438,"Yaesu Musen Co., Ltd.",FT-920,K66-FT-920,K6620,K66,Standard,brand_code_differs_from_fcc
3439,"Yaesu Musen Co., Ltd.",FTL-1011H,K66-FTL-1011H,K6620,K66,Standard,brand_code_differs_from_fcc
3440,"Yaesu Musen Co., Ltd.",FTL-1011H-2,K66-FTL-1011H-2,K6620,K66,Standard,brand_code_differs_from_fcc
3441,"Yaesu Musen Co., Ltd.",FTL-8011,K66-FTL-8011,K6620,K66,Standard,brand_code_differs_from_fcc
3651,"Yaesu Musen Co., Ltd.",GX1255S,K66GX1255S,K6620,K66,Standard,brand_code_differs_from_fcc
3718,"Yaesu Musen Co., Ltd.",GX1270S,K66GX1270S,K6620,K66,Standard,brand_code_differs_from_fcc
3558,"Yaesu Musen Co., Ltd.",GX1280S,K66GX1280S,K6620,K66,Standard,brand_code_differs_from_fcc
3509,"Yaesu Musen Co., Ltd.",GX2350S,K66GX2350S,K6620,K66,Standard,brand_code_differs_from_fcc
3521,"Yaesu Musen Co., Ltd.",HX260S,K66HX260S,K6620,K66,Standard,brand_code_differs_from_fcc
3506,"Yaesu Musen Co., Ltd.",HX292UT,K66HX292UT,K6620,K66,Standard,brand_code_differs_from_fcc
3525,"Yaesu Musen Co., Ltd.",HX460S,K66HX460S,K6620,K66,Standard,brand_code_differs_from_fcc
3619,"Yaesu Musen Co., Ltd.",HX470SA,K66HX470SA,K6620,K66,Standard,brand_code_differs_from_fcc
3507,"Yaesu Musen Co., Ltd.",RP80U,K66RP80U,K6620,K66,Standard,brand_code_differs_from_fcc
3504,"Yaesu Musen Co., Ltd.",RP80V,K66RP80V,K6620,K66,Standard,brand_code_differs_from_fcc
3442,"Yaesu Musen Co., Ltd.",VL-1000,K66-VL-1000,K6620,K66,Standard,brand_code_differs_from_fcc
3530,"Yaesu Musen Co., Ltd.",VR-120,K66-VR-120,K6620,K66,Standard,brand_code_differs_from_fcc
3508,"Yaesu Musen Co., Ltd.",VR-500,K66-VR-500,K6620,K66,Standard,brand_code_differs_from_fcc
3520,"Yaesu Musen Co., Ltd.",VR-5000,K66-VR-5000,K6620,K66,Standard,brand_code_differs_from_fcc
3443,"Yaesu Musen Co., Ltd.",VX-10U,K66-VX-10U,K6620,K66,Standard,brand_code_differs_from_fcc
3444,"Yaesu Musen Co., Ltd.",VX-10U-2,K66-VX-10U-2,K6620,K66,Standard,brand_code_differs_from_fcc
3445,"Yaesu Musen Co., Ltd.",VX-10U-3,K66-VX-10U-3,K6620,K66,Standard,brand_code_differs_from_fcc
3446,"Yaesu Musen Co., Ltd.",VX-10V,K66-VX-10V,K6620,K66,Standard,brand_code_differs_from_fcc
3447,"Yaesu Musen Co., Ltd.",VX-10V-2,K66-VX-10V-2,K6620,K66,Standard,brand_code_differs_from_fcc
3515,"Yaesu Musen Co., Ltd.",VX-110,K66-VX-110,K6620,K66,Standard,brand_code_differs_from_fcc
3519,"Yaesu Musen Co., Ltd.",VX-1210,K66-VX-1210,K6620,K66,Standard,brand_code_differs_from_fcc
3522,"Yaesu Musen Co., Ltd.",VX-150,K66-VX-150,K6620,K66,Standard,brand_code_differs_from_fcc
3537,"Yaesu Musen Co., Ltd.",VX-160U,K66-VX-160U,K6620,K66,Standard,brand_code_differs_from_fcc
3544,"Yaesu Musen Co., Ltd.",VX-160U-2,K66-VX-160U-2,K6620,K66,Standard,brand_code_differs_from_fcc
3536,"Yaesu Musen Co., Ltd.",VX-160V,K66-VX-160V,K6620,K66,Standard,brand_code_differs_from_fcc
2854,"Yaesu Musen Co., Ltd.",VX-170,K66-VX-170,K6620,K66,Standard,brand_code_differs_from_fcc
3448,"Yaesu Musen Co., Ltd.",VX-1R,K66-VX-1R,K6620,K66,Standard,brand_code_differs_from_fcc
3449,"Yaesu Musen Co., Ltd.",VX-2000U,K66-VX-2000U,K6620,K66,Standard,brand_code_differs_from_fcc
3450,"Yaesu Musen Co., Ltd.",VX-2000U-2,K66-VX-2000U-2,K6620,K66,Standard,brand_code_differs_from_fcc
3451,"Yaesu Musen Co., Ltd.",VX-2000U-3,K66-VX-2000U-3,K6620,K66,Standard,brand_code_differs_from_fcc
3452,"Yaesu Musen Co., Ltd.",VX-2000V,K66-VX-2000V,K6620,K66,Standard,brand_code_differs_from_fcc
3453,"Yaesu Musen Co., Ltd.",VX-2000V-2,K66-VX-2000V-2,K6620,K66,Standard,brand_code_differs_from_fcc
3454,"Yaesu Musen Co., Ltd.",VX-200U,K66-VX-200U,K6620,K66,Standard,brand_code_differs_from_fcc
3455,"Yaesu Musen Co., Ltd.",VX-200U-2,K66-VX-200U-2,K6620,K66,Standard,brand_code_differs_from_fcc
3456,"Yaesu Musen Co., Ltd.",VX-200U-3,K66-VX-200U-3,K6620,K66,Standard,brand_code_differs_from_fcc
3457,"Yaesu Musen Co., Ltd.",VX-200UN,K66-VX-200UN,K6620,K66,Standard,brand_code_differs_from_fcc
3458,"Yaesu Musen Co., Ltd.",VX-200V,K66-VX-200V,K6620,K66,Standard,brand_code_differs_from_fcc
3459,"Yaesu Musen Co., Ltd.",VX-200V-2,K66-VX-200V-2,K6620,K66,Standard,brand_code_differs_from_fcc
3460,"Yaesu Musen Co., Ltd.",VX-200V-3,K66-VX-200V-3,K6620,K66,Standard,brand_code_differs_from_fcc
3461,"Yaesu Musen Co., Ltd.",VX-200V-4,K66-VX-200V-4,K6620,K66,Standard,brand_code_differs_from_fcc
3462,"Yaesu Musen Co., Ltd.",VX-200VN,K66-VX-200VN,K6620,K66,Standard,brand_code_differs_from_fcc
3512,"Yaesu Musen Co., Ltd.",VX-210U,K66-VX-210U,K6620,K66,Standard,brand_code_differs_from_fcc
3545,"Yaesu Musen Co., Ltd.",VX-210U-2,K66-VX-210U-2,K6620,K66,Standard,brand_code_differs_from_fcc
3505,"Yaesu Musen Co., Ltd.",VX-210V,K66-VX-210V,K6620,K66,Standard,brand_code_differs_from_fcc
3565,"Yaesu Musen Co., Ltd.",VX-2500U,K66-VX-2500U,K6620,K66,Standard,brand_code_differs_from_fcc
3608,"Yaesu Musen Co., Ltd.",VX-2500V,K66-VX-2500V,K6620,K66,Standard,brand_code_differs_from_fcc
3655,"Yaesu Musen Co., Ltd.",VX-2R,K66-VX-2R,K6620,K66,Standard,brand_code_differs_from_fcc
3463,"Yaesu Musen Co., Ltd.",VX-3000L,K66-VX-3000L,K6620,K66,Standard,brand_code_differs_from_fcc
3464,"Yaesu Musen Co., Ltd.",VX-3000L-2,K66-VX-3000L-2,K6620,K66,Standard,brand_code_differs_from_fcc
3465,"Yaesu Musen Co., Ltd.",VX-3000U,K66-VX-3000U,K6620,K66,Standard,brand_code_differs_from_fcc
3466,"Yaesu Musen Co., Ltd.",VX-3000U-2,K66-VX-3000U-2,K6620,K66,Standard,brand_code_differs_from_fcc
3491,"Yaesu Musen Co., Ltd.",VX-3000U-3,K66-VX-3000U-3,K6620,K66,Standard,brand_code_differs_from_fcc
3467,"Yaesu Musen Co., Ltd.",VX-3000V,K66-VX-3000V,K6620,K66,Standard,brand_code_differs_from_fcc
3468,"Yaesu Musen Co., Ltd.",VX-3000V-2,K66-VX-3000V-2,K6620,K66,Standard,brand_code_differs_from_fcc
3469,"Yaesu Musen Co., Ltd.",VX-300V,K66-VX-300V,K6620,K66,Standard,brand_code_differs_from_fcc
3470,"Yaesu Musen Co., Ltd.",VX-300V-2,K66-VX-300V-2,K6620,K66,Standard,brand_code_differs_from_fcc
3669,"Yaesu Musen Co., Ltd.",VX-3200U,K66-VX-3200U,K6620,K66,Standard,brand_code_differs_from_fcc
3719,"Yaesu Musen Co., Ltd.",VX-3200U-2,K66-VX-3200U-2,K6620,K66,Standard,brand_code_differs_from_fcc
3720,"Yaesu Musen Co., Ltd.",VX-3200U-3,K66-VX-3200U-3,K6620,K66,Standard,brand_code_differs_from_fcc
3682,"Yaesu Musen Co., Ltd.",VX-3200V,K66-VX-3200V,K6620,K66,Standard,brand_code_differs_from_fcc
3673,"Yaesu Musen Co., Ltd.",VX-3200V-2,K66-VX-3200V-2,K6620,K66,Standard,brand_code_differs_from_fcc
2857,"Yaesu Musen Co., Ltd.",VX-3R,K66-VX-3R,K6620,K66,Standard,brand_code_differs_from_fcc
3540,"Yaesu Musen Co., Ltd.",VX-4000L,K66-VX-4000L,K6620,K66,Standard,brand_code_differs_from_fcc
3526,"Yaesu Musen Co., Ltd.",VX-4000U-2E,K66-VX-4000U-2E,K6620,K66,Standard,brand_code_differs_from_fcc
3533,"Yaesu Musen Co., Ltd.",VX-4000U-3E,K66-VX-4000U-3E,K6620,K66,Standard,brand_code_differs_from_fcc
3532,"Yaesu Musen Co., Ltd.",VX-4000UE,K66-VX-4000UE,K6620,K66,Standard,brand_code_differs_from_fcc
3531,"Yaesu Musen Co., Ltd.",VX-4000VE,K66-VX-4000VE,K6620,K66,Standard,brand_code_differs_from_fcc
3500,"Yaesu Musen Co., Ltd.",VX-400U,K66-VX-400U,K6620,K66,Standard,brand_code_differs_from_fcc
3492,"Yaesu Musen Co., Ltd.",VX-400V,K66-VX-400V,K6620,K66,Standard,brand_code_differs_from_fcc
3497,"Yaesu Musen Co., Ltd.",VX-400V-2,K66-VX-400V-2,K6620,K66,Standard,brand_code_differs_from_fcc
3740,"Yaesu Musen Co., Ltd.",VX-4204-0H,K66-VX-4204-0H,K6620,K66,Standard,brand_code_differs_from_fcc
3471,"Yaesu Musen Co., Ltd.",VX-500L,K66-VX-500L,K6620,K66,Standard,brand_code_differs_from_fcc
3472,"Yaesu Musen Co., Ltd.",VX-500L-2,K66-VX-500L-2,K6620,K66,Standard,brand_code_differs_from_fcc
3473,"Yaesu Musen Co., Ltd.",VX-500U,K66-VX-500U,K6620,K66,Standard,brand_code_differs_from_fcc
3474,"Yaesu Musen Co., Ltd.",VX-500U-2,K66-VX-500U-2,K6620,K66,Standard,brand_code_differs_from_fcc
3475,"Yaesu Musen Co., Ltd.",VX-500U-3,K66-VX-500U-3,K6620,K66,Standard,brand_code_differs_from_fcc
3476,"Yaesu Musen Co., Ltd.",VX-500U-4,K66-VX-500U-4,K6620,K66,Standard,brand_code_differs_from_fcc
3477,"Yaesu Musen Co., Ltd.",VX-500UN,K66-VX-500UN,K6620,K66,Standard,brand_code_differs_from_fcc
3493,"Yaesu Musen Co., Ltd.",VX-510L,K66-VX-510L,K6620,K66,Standard,brand_code_differs_from_fcc
3494,"Yaesu Musen Co., Ltd.",VX-510L-2,K66-VX-510L-2,K6620,K66,Standard,brand_code_differs_from_fcc
3478,"Yaesu Musen Co., Ltd.",VX-510U,K66-VX-510U,K6620,K66,Standard,brand_code_differs_from_fcc
3510,"Yaesu Musen Co., Ltd.",VX-510U-1,K66-VX-510U-1,K6620,K66,Standard,brand_code_differs_from_fcc
3479,"Yaesu Musen Co., Ltd.",VX-510V,K66-VX-510V,K6620,K66,Standard,brand_code_differs_from_fcc
3656,"Yaesu Musen Co., Ltd.",VX-5500L,K66-VX-5500L,K6620,K66,Standard,brand_code_differs_from_fcc
3734,"Yaesu Musen Co., Ltd.",VX-5500U,K66-VX-5500U,K6620,K66,Standard,brand_code_differs_from_fcc
3617,"Yaesu Musen Co., Ltd.",VX-5500V,K66-VX-5500V,K6620,K66,Standard,brand_code_differs_from_fcc
3653,"Yaesu Musen Co., Ltd.",VX-5500V-2,K66-VX-5500V-2,K6620,K66,Standard,brand_code_differs_from_fcc
3501,"Yaesu Musen Co., Ltd.",VX-5R,K66-VX-5R,K6620,K66,Standard,brand_code_differs_from_fcc
3742,"Yaesu Musen Co., Ltd.",VX-6000L,K66-VX-6000L,K6620,K66,Standard,brand_code_differs_from_fcc
3542,"Yaesu Musen Co., Ltd.",VX-6000U,K66-VX-6000U,K6620,K66,Standard,brand_code_differs_from_fcc
3543,"Yaesu Musen Co., Ltd.",VX-6000V,K66-VX-6000V,K6620,K66,Standard,brand_code_differs_from_fcc
2859,"Yaesu Musen Co., Ltd.",VX-6R,K66-VX-6R,K6620,K66,Standard,brand_code_differs_from_fcc
3620,"Yaesu Musen Co., Ltd.",VX-7R,K66-VX-7R,K6620,K66,Standard,brand_code_differs_from_fcc
3514,"Yaesu Musen Co., Ltd.",VX-800U,K66-VX-800U,K6620,K66,Standard,brand_code_differs_from_fcc
3523,"Yaesu Musen Co., Ltd.",VX-800U-2,K66-VX-800U-2,K6620,K66,Standard,brand_code_differs_from_fcc
3513,"Yaesu Musen Co., Ltd.",VX-800V,K66-VX-800V,K6620,K66,Standard,brand_code_differs_from_fcc
2861,"Yaesu Musen Co., Ltd.",VX-8DR,K66-VX-8DR,K6620,K66,Standard,brand_code_differs_from_fcc
2862,"Yaesu Musen Co., Ltd.",VX-8GR,K66-VX-8GR,K6620,K66,Standard,brand_code_differs_from_fcc
2863,"Yaesu Musen Co., Ltd.",VX-8R,K66-VX-8R,K6620,K66,Standard,brand_code_differs_from_fcc
3528,"Yaesu Musen Co., Ltd.",VX-900U,K66-VX-900U,K6620,K66,Standard,brand_code_differs_from_fcc
3539,"Yaesu Musen Co., Ltd.",VX-900U-2,K66-VX-900U-2,K6620,K66,Standard,brand_code_differs_from_fcc
3541,"Yaesu Musen Co., Ltd.",VX-900U-3,K66-VX-900U-3,K6620,K66,Standard,brand_code_differs_from_fcc
3529,"Yaesu Musen Co., Ltd.",VX-900V,K66-VX-900V,K6620,K66,Standard,brand_code_differs_from_fcc
3538,"Yaesu Musen Co., Ltd.",VX-900V-2,K66-VX-900V-2,K6620,K66,Standard,brand_code_differs_from_fcc
3498,"Yaesu Musen Co., Ltd.",VXA-100,K66-VXA-100,K6620,K66,Standard,brand_code_differs_from_fcc
3516,"Yaesu Musen Co., Ltd.",VXA-120,K66-VXA-120,K6620,K66,Standard,brand_code_differs_from_fcc
3546,"Yaesu Musen Co., Ltd.",VXA-150,K66-VXA-150,K6620,K66,Standard,brand_code_differs_from_fcc
3535,"Yaesu Musen Co., Ltd.",VXA-200,K66-VXA-200,K6620,K66,Standard,brand_code_differs_from_fcc
3736,"Yaesu Musen Co., Ltd.",VXA-700,K66-VXA-700,K6620,K66,Standard,brand_code_differs_from_fcc
3480,"Yaesu Musen Co., Ltd.",VXF-1,K66-VXF-1,K6620,K66,Standard,brand_code_differs_from_fcc
3481,"Yaesu Musen Co., Ltd.",VXF-10,K66-VXF-10,K6620,K66,Standard,brand_code_differs_from_fcc
3482,"Yaesu Musen Co., Ltd.",VXF-20A,K66-VXF-20A,K6620,K66,Standard,brand_code_differs_from_fcc
3483,"Yaesu Musen Co., Ltd.",VXF-20B,K66-VXF-20B,K6620,K66,Standard,brand_code_differs_from_fcc
3484,"Yaesu Musen Co., Ltd.",VXF-2A,K66-VXF-2A,K6620,K66,Standard,brand_code_differs_from_fcc
3485,"Yaesu Musen Co., Ltd.",VXF-2B,K66-VXF-2B,K6620,K66,Standard,brand_code_differs_from_fcc
3486,"Yaesu Musen Co., Ltd.",VXM-100,K66-VXM-100,K6620,K66,Standard,brand_code_differs_from_fcc
3496,"Yaesu Musen Co., Ltd.",VXR-1000U,K66-VXR-1000U,K6620,K66,Standard,brand_code_differs_from_fcc
3499,"Yaesu Musen Co., Ltd.",VXR-1000V,K66-VXR-1000V,K6620,K66,Standard,brand_code_differs_from_fcc
3487,"Yaesu Musen Co., Ltd.",VXR-5000U,K66-VXR-5000U,K6620,K66,Standard,brand_code_differs_from_fcc
3488,"Yaesu Musen Co., Ltd.",VXR-5000U-2,K66-VXR-5000U-2,K6620,K66,Standard,brand_code_differs_from_fcc
3489,"Yaesu Musen Co., Ltd.",VXR-5000U-3,K66-VXR-5000U-3,K6620,K66,Standard,brand_code_differs_from_fcc
3490,"Yaesu Musen Co., Ltd.",VXR-5000UN,K66-VXR-5000UN,K6620,K66,Standard,brand_code_differs_from_fcc
3518,"Yaesu Musen Co., Ltd.",VXR-7000U,K66-VXR-7000U,K6620,K66,Standard,brand_code_differs_from_fcc
3527,"Yaesu Musen Co., Ltd.",VXR-7000U-2,K66-VXR-7000U-2,K6620,K66,Standard,brand_code_differs_from_fcc
3511,"Yaesu Musen Co., Ltd.",VXR-7000V,K66-VXR-7000V,K6620,K66,Standard,brand_code_differs_from_fcc
3626,"Yaesu Musen Co., Ltd.",VXR-9000U,K66-VXR-9000U,K6620,K66,Standard,brand_code_differs_from_fcc
2864,Zastone,M10,2AM7H-M10,2AJTB,2AM7H,(no Brand row for inferred grantee),brand_code_differs_from_fcc
